Country Name;Country Code;Indicator Name;Indicator Code;1998;1999;2000;2001;2002;2003;2004;2005;2006;2007;2008;2009;2010;2011;2012;2013;2014;2015;2016;2017;2018;2019;2020;2021;2022;
Aruba;ABW;GDP growth (annual %);NY.GDP.MKTP.KD.ZG;1.991984449;1.238041842;7.616589113;4.195962803;-0.957771006;1.120879121;7.281025864;-0.384927066;1.138905837;3.0967223;1.833430856;-11.68358552;-2.732595966;3.366778149;-1.035375324;6.429816914;-0.020479214;3.54362966;2.116716123;5.482371174;5.257854913;0.635029788;-18.58909924;17.1725086;;
Africa Eastern and Southern;AFE;GDP growth (annual %);NY.GDP.MKTP.KD.ZG;1.842345104;2.653277618;3.353760228;3.627244087;3.901575595;3.101958198;5.507830267;6.11215492;6.558305779;6.577085836;4.312488826;0.663960953;5.158675971;3.706906333;0.845015615;4.219599036;3.994681915;2.974101283;2.22452441;2.546973273;2.513983566;2.087765413;-2.888680575;4.334926691;3.404851577;
Afghanistan;AFG;GDP growth (annual %);NY.GDP.MKTP.KD.ZG;;;;;;8.832277813;1.414117981;11.22971482;5.357403251;13.82631955;3.924983822;21.39052839;14.36244147;0.426354785;12.75228709;5.600744658;2.724543364;1.45131466;2.260314201;2.647003202;1.189228128;3.911603419;-2.351100673;-20.69999999;;
Africa Western and Central;AFW;GDP growth (annual %);NY.GDP.MKTP.KD.ZG;3.483894571;1.420264153;3.73268737;5.205159856;9.920820632;5.535666518;7.999780311;5.827778856;5.37503209;5.527124995;6.280311226;6.284468326;6.970999259;4.852866078;5.137565864;6.109740527;5.929462716;2.7500419;0.125435032;2.313218649;2.813142214;3.212407147;-0.927799549;3.980848328;3.762758491;
Angola;AGO;GDP growth (annual %);NY.GDP.MKTP.KD.ZG;4.691146451;2.181489718;3.054624234;4.205998556;13.66568876;2.99;10.95;15.03;11.55;14.01;11.17;0.86;4.398375938;3.472053148;8.542107076;4.954613031;4.82255927;0.943571561;-2.580111222;-0.147149825;-1.316361689;-0.702272958;-5.638214717;1.199210521;3.04540301;
Albania;ALB;GDP growth (annual %);NY.GDP.MKTP.KD.ZG;8.829423758;12.89080364;6.946216592;8.293312631;4.53652416;5.528637465;5.514667911;5.526424247;5.902659036;5.983259519;7.50004143;3.35428935;3.706938153;2.545406145;1.4172428;1.002017541;1.774448853;2.218726375;3.314980684;3.80259872;4.019345617;2.087711996;-3.302082039;8.908527818;4.844235895;
Andorra;AND;GDP growth (annual %);NY.GDP.MKTP.KD.ZG;3.194793393;4.099078922;3.528362361;8.119357722;4.546362214;8.694203716;8.135676338;5.397795985;4.808688699;1.553188141;-5.559186369;-5.302846543;-1.974958;-0.008069753;-4.974443719;-3.547596515;2.504465521;1.434140395;3.70967807;0.34607189;1.58876549;2.015547638;-11.18393994;8.287199781;8.809579348;
Arab World;ARB;GDP growth (annual %);NY.GDP.MKTP.KD.ZG;5.126204566;1.854447738;6.567083352;1.7448028;0.71460848;4.89602246;8.830148931;5.505286674;6.102502409;4.558299768;5.548394024;0.388871582;4.728855464;3.512586792;5.142063406;2.618809549;2.430327868;3.448878174;3.688725251;1.218687607;2.447794694;1.377703184;-5.072595121;3.563609982;5.962745078;
United Arab Emirates;ARE;GDP growth (annual %);NY.GDP.MKTP.KD.ZG;0.291994349;2.902213645;10.85270421;1.39908503;2.43345681;8.800540815;9.566436637;4.855141196;9.837319773;3.184390174;3.191836276;-5.242921907;1.602850048;6.928508595;4.776625734;5.055559658;4.165691841;6.786772877;5.56149076;0.735068714;1.313913882;1.108348135;-4.957052433;3.916296076;7.411103202;
Argentina;ARG;GDP growth (annual %);NY.GDP.MKTP.KD.ZG;3.850178852;-3.385457041;-0.788998939;-4.408839683;-10.89448483;8.837040796;9.029573301;8.85165992;8.0471515;9.007650875;4.057233103;-5.918525076;10.12539816;6.003951693;-1.026420454;2.405323781;-2.512615321;2.731159828;-2.080327844;2.818502978;-2.617396463;-2.000861003;-9.943235134;10.39824946;5.243044499;
Armenia;ARM;GDP growth (annual %);NY.GDP.MKTP.KD.ZG;7.299999988;3.300000001;5.900000003;9.599999999;13.2;14;10.5;13.9;13.2;13.7;6.9;-14.1;2.2;4.699999999;7.200000001;3.3;3.600000001;3.199999999;0.2;7.500000002;5.2;7.599999999;-7.199999999;5.699999999;12.6;
American Samoa;ASM;GDP growth (annual %);NY.GDP.MKTP.KD.ZG;;;;;;0.965517241;0.409836066;-0.408163265;-4.098360656;1.851851852;-2.657342657;-4.166666667;0.299850075;0;-4.334828102;-2.5;1.762820513;3.149606299;-1.679389313;-6.98757764;2.671118531;-0.487804878;5.065359477;-1.866251944;;
Antigua and Barbuda;ATG;GDP growth (annual %);NY.GDP.MKTP.KD.ZG;4.731125092;3.70761791;6.203431254;-4.548003473;1.02744197;6.076543688;5.767028612;6.473831316;12.70814853;9.315383163;-0.014340652;-11.96269725;-7.840594744;-1.958612628;3.3728662;-0.600876397;3.795727613;3.825293099;5.496459204;3.144638239;6.823762231;4.344059831;-17.50218503;6.554899818;8.458733325;
Australia;AUS;GDP growth (annual %);NY.GDP.MKTP.KD.ZG;4.613356892;4.956324506;3.901171371;2.041417338;3.993589865;3.111398208;4.216633273;3.15375271;2.740635704;3.777916783;3.568270032;1.870486961;2.20656631;2.391385132;3.902007806;2.578754288;2.579017112;2.152735906;2.730547992;2.282183642;2.883045123;2.171396224;-0.050885336;2.236212439;3.617588572;
Austria;AUT;GDP growth (annual %);NY.GDP.MKTP.KD.ZG;3.581425815;3.556331247;3.375722147;1.267168189;1.651553922;0.941470921;2.735120222;2.244065325;3.454041836;3.727415301;1.460423676;-3.764578178;1.837093677;2.922797284;0.680445577;0.025504712;0.661272849;1.014501586;1.989437162;2.258572433;2.425385361;1.517388583;-6.453968467;4.556850913;4.996942407;
Azerbaijan;AZE;GDP growth (annual %);NY.GDP.MKTP.KD.ZG;9.999999612;7.4000013;11.09999914;9.899999865;9.438916269;10.2082994;9.253801797;27.96153811;34.5;24.99999985;10.75897806;9.296363744;5.048944513;0.100000138;2.165239475;5.809800843;2.750506815;1.093975916;-3.09999988;0.199999939;1.5;2.500000067;-4.300000102;5.616451029;4.616522963;
Burundi;BDI;GDP growth (annual %);NY.GDP.MKTP.KD.ZG;4.749999995;-1.009999996;-0.856864058;2.055807108;4.446519412;-1.22372796;4.833657768;0.900000001;5.413807145;3.451948564;4.861716367;3.812745366;5.124159994;4.032599988;4.446706331;4.924189898;4.240650214;-3.90000008;-0.600000909;0.500001262;1.609935421;1.812565324;0.327156893;3.099999999;1.848999999;
Belgium;BEL;GDP growth (annual %);NY.GDP.MKTP.KD.ZG;1.961808272;3.542743464;3.716679384;1.099618888;1.706884585;1.037982549;3.571204343;2.321737054;2.552349944;3.676881136;0.446928735;-2.020743062;2.864292708;1.694513899;0.739217283;0.459242193;1.578533143;2.041459009;1.266686409;1.619580278;1.792945193;2.261568321;-5.36258592;6.285931393;3.247837207;
Benin;BEN;GDP growth (annual %);NY.GDP.MKTP.KD.ZG;3.961012138;5.341449372;5.857714205;5.333135706;4.643030871;3.443576776;4.429684554;1.713164564;3.943738828;5.986349322;4.896577084;2.319292139;2.114064726;2.963752919;4.811223316;7.191433721;6.357679098;1.77815106;3.339673426;5.671555469;6.697259461;6.865687336;3.8487924;7.155451646;6.253244914;
Burkina Faso;BFA;GDP growth (annual %);NY.GDP.MKTP.KD.ZG;7.307719635;7.395237801;1.888473889;6.613405745;4.35296383;7.802493889;4.478452137;8.661873228;6.253164688;4.111379018;5.799991741;2.961950859;8.446281577;6.622562613;6.45267238;5.792584845;4.326845615;3.921228794;5.957976708;6.203489411;6.604569068;5.688115149;1.93032489;6.906341673;1.47930064;
Bangladesh;BGD;GDP growth (annual %);NY.GDP.MKTP.KD.ZG;5.177026873;4.670156369;5.293294719;5.077287775;3.83312394;4.7395674;5.23953291;6.535944941;6.671904981;7.058599357;6.013789759;5.045124794;5.571788188;6.464379123;6.521458781;6.013605658;6.061059359;6.552639879;7.113478213;6.590249998;7.31941263;7.881906729;3.448025628;6.938679124;7.099828776;
Bulgaria;BGR;GDP growth (annual %);NY.GDP.MKTP.KD.ZG;3.789122067;-8.396091161;4.587225342;3.823703664;5.871930278;5.237154278;6.510426379;7.056347526;6.802589382;6.591380837;6.116017964;-3.271854279;1.541801443;2.10120575;0.754930386;-0.560493966;0.966869032;3.428054914;3.039825276;2.76217096;2.684760587;4.038142206;-3.958614598;7.634609716;3.361252752;
Bahrain;BHR;GDP growth (annual %);NY.GDP.MKTP.KD.ZG;4.790002789;4.29999896;5.300070056;2.490948108;3.348550668;6.296441979;6.980960594;6.768997871;6.467000122;8.293960448;6.245010775;2.539885936;4.334299173;1.983515012;3.72810843;5.41683981;4.350390853;2.485378558;3.558128119;4.290949778;2.111130473;2.166964669;-4.644637359;2.669708714;4.860858272;
Bahamas; The;BHS;GDP growth (annual %);6.87573942;-4.503596622;12.19751829;4.149234046;2.625159596;2.704670969;-1.264526295;0.882740185;3.395260082;2.516853933;1.446733889;-2.323507236;-4.175805556;1.538385972;0.613384158;3.086879177;-2.863293945;1.84730294;0.996800846;-0.067012845;2.415312842;1.533237259;-0.743977998;-23.50817631;16.98466528;14.36896003
Bosnia and Herzegovina;BIH;GDP growth (annual %);NY.GDP.MKTP.KD.ZG;15.59999669;9.599999716;12.76546946;2.423313172;5.027444207;3.867138795;6.325266169;3.89717799;5.414003571;5.857126342;5.443831035;-3.00445593;0.86566926;0.959511247;-0.821836474;2.349856663;1.153851092;4.314750611;3.242255212;3.244100959;3.827499205;2.887343344;-3.015095148;7.391652626;3.896807742;
Belarus;BLR;GDP growth (annual %);NY.GDP.MKTP.KD.ZG;8.39999142;3.399999163;5.80000344;4.725305994;5.04526748;7.043192559;11.44974311;9.400001524;9.999994812;8.600006536;10.19999944;0.19999531;7.798266823;5.37870745;1.687135536;1.003470841;1.726209959;-3.829663071;-2.525831409;2.53162368;3.149639499;1.446206671;-0.672904125;2.438866081;-4.697449707;
Belize;BLZ;GDP growth (annual %);NY.GDP.MKTP.KD.ZG;3.927068724;8.951866847;13.00578035;5.042016807;5.113043478;9.331568498;4.630750605;2.198437952;4.585338239;3.274695535;-1.519916143;-0.452368281;1.25634857;-0.105596621;3.858350951;4.529262087;4.089581305;3.367633302;0.113122172;-1.694915254;1.103448276;4.502046385;-13.40295909;15.22110553;12.12874526;
Bermuda;BMU;GDP growth (annual %);NY.GDP.MKTP.KD.ZG;3.900000094;3.38264702;9.317156411;7.222435538;-1.477790598;3.410706677;2.321267223;1.674206114;5.54386638;3.345139709;-1.865955826;-5.626697711;-2.502878289;-3.742744317;-5.305299107;-0.279708545;-3.701067594;0.7755297;-0.657206304;3.611419837;-0.4328013;0.306266735;-6.837955191;3.013816439;2.927112949;
Bolivia;BOL;GDP growth (annual %);NY.GDP.MKTP.KD.ZG;5.029354755;0.426885423;2.507810809;1.683799127;2.485565738;2.711339837;4.173295589;4.421433127;4.797008824;4.564384269;6.148497875;3.356999574;4.126722591;5.204092443;5.122275581;6.796011428;5.460569506;4.85718718;4.263920864;4.195206334;4.223623653;2.21670564;-8.737884358;6.105804204;3.070054644;
Brazil;BRA;GDP growth (annual %);NY.GDP.MKTP.KD.ZG;0.338097901;0.467937566;4.387949447;1.389896401;3.053461859;1.140828998;5.759964637;3.202132061;3.961988711;6.069870607;5.094195447;-0.125812002;7.528225818;3.974423079;1.921175986;3.004822669;0.50395574;-3.545763393;-3.275916908;1.322869054;1.783666762;1.220777824;-3.276758796;4.988849701;2.900530615;
Barbados;BRB;GDP growth (annual %);NY.GDP.MKTP.KD.ZG;3.728464901;0.334655429;4.447189623;-2.365464222;0.787401575;2.175480769;1.411598635;3.955457604;6.112712564;2.077648925;0.640098144;-5.017744492;-2.365164703;-0.687779068;-0.432679127;-1.447406818;-0.087262953;2.472619872;2.533024882;0.456290513;-1.0271391;-0.131147253;-13.31102153;-0.189272866;9.998995328;
Brunei Darussalam;BRN;GDP growth (annual %);NY.GDP.MKTP.KD.ZG;-0.558508851;3.052157142;2.849421858;2.744040518;3.872096967;2.903955477;0.504318253;0.387507208;4.397719678;0.154581812;-1.939714638;-1.764535541;2.598965746;3.745318352;0.912841671;-2.126028517;-2.508352566;-0.39238375;-2.477917718;1.328602552;0.052237791;3.869109865;1.13357335;-1.59076248;-1.62833154;
Bhutan;BTN;GDP growth (annual %);NY.GDP.MKTP.KD.ZG;5.914030835;7.983972022;3.355068285;8.348954483;10.99228184;7.823302361;6.008742236;7.287249352;6.999738095;18.36085406;4.799460612;6.748333748;11.945896;7.982617041;5.118400858;2.119972633;5.77649568;6.642232105;8.127033538;4.651834675;3.055129837;5.755169993;-10.00969933;4.087618878;;
Botswana;BWA;GDP growth (annual %);NY.GDP.MKTP.KD.ZG;0.443663586;9.667240703;1.987695834;0.25057395;6.069530876;4.62589475;2.705821706;4.556645653;8.363871093;5.792555777;3.252072958;-14.14423462;10.12220912;6.838529748;-0.170900761;11.10282378;5.69696454;-4.850991817;7.201819029;4.113051182;4.189846946;3.032556556;-8.729451498;11.87035831;5.782349221;
Central African Republic;CAF;GDP growth (annual %);NY.GDP.MKTP.KD.ZG;4.700142379;3.599974904;-2.48943244;4.464739026;3.616542192;-5.397485219;5.994884228;0.908210515;4.77108543;4.607534855;2.054130962;8.587260426;4.630818432;4.194615337;5.053761254;-36.3919771;0.081070515;4.33712103;4.750316841;4.527278213;3.789443593;3.1;0.899999997;0.900000007;0;
Canada;CAN;GDP growth (annual %);NY.GDP.MKTP.KD.ZG;3.896151829;5.162913624;5.177635668;1.78997288;3.018050512;1.801518136;3.086980809;3.204200428;2.634303814;2.071825031;1.004289199;-2.925955647;3.089919462;3.146100491;1.760961588;2.329122506;2.870036075;0.659176864;1.001394414;3.039880225;2.777040554;1.888223585;-5.074357568;5.011800875;3.396202279;
Central Europe and the Baltics;CEB;GDP growth (annual %);NY.GDP.MKTP.KD.ZG;2.6803065;1.907771631;3.956984595;3.080231294;3.614847612;4.08688011;5.840104148;5.019080341;6.586829719;6.424907701;3.934401006;-3.501903418;1.43607522;3.513825818;0.824954251;0.663326231;3.213462541;4.02675516;2.750003798;5.104181611;4.939312739;3.939550679;-3.392104438;6.378588914;4.048028787;
Switzerland;CHE;GDP growth (annual %);NY.GDP.MKTP.KD.ZG;3.02996917;1.662701284;3.958719719;1.575661967;-0.073217084;-0.032398477;2.70170921;2.749698985;4.07362845;3.916375818;2.807983632;-2.297374631;3.243397336;1.813108192;1.179253833;1.792144057;2.349881275;1.644627687;2.068689667;1.362799557;2.860445795;1.141982325;-2.37556328;4.221716577;2.05923242;
Channel Islands;CHI;GDP growth (annual %);NY.GDP.MKTP.KD.ZG;;;;;;;;;;;;;;;;;;;;1.96610999;1.052290562;1.32511666;-7.965078807;8.646769717;;
Chile;CHL;GDP growth (annual %);NY.GDP.MKTP.KD.ZG;4.180886627;-0.273631398;4.971621488;3.154034925;3.202799135;4.723245269;6.674254168;5.837045719;6.049990826;5.168230985;3.789392806;-1.118037236;5.851651022;6.223896785;6.155340019;3.308508247;1.792649471;2.1519425;1.753038749;1.357695373;3.990029478;0.743130031;-6.145246857;11.73743107;2.440403398;
China;CHN;GDP growth (annual %);NY.GDP.MKTP.KD.ZG;7.845951788;7.661651501;8.490093406;8.335733478;9.13363079;10.03803048;10.11362138;11.39459181;12.72095567;14.23086093;9.65067892;9.398725632;10.63587106;9.550832179;7.863736449;7.766150098;7.425763656;7.041328879;6.848762205;6.947200793;6.749773832;5.950500754;2.238638356;8.447478293;2.990804598;
Cote d'Ivoire;CIV;GDP growth (annual %);NY.GDP.MKTP.KD.ZG;4.26390594;1.166859983;-0.265789464;-2.15401249;-2.730526474;-4.725866586;3.185038229;0.996065562;2.815578596;1.101429764;4.782665981;3.603321566;6.848049401;-5.370447241;7.620411763;10.76021313;9.371999942;7.194949428;7.17275964;7.410762426;4.843146059;6.518286735;1.737620429;6.999999995;6.741330002;
Cameroon;CMR;GDP growth (annual %);NY.GDP.MKTP.KD.ZG;4.725534848;4.511304221;3.832417795;4.324261192;4.477026829;5.453153691;7.048862823;2.228270206;3.809583273;4.327589013;2.847677889;2.579251775;2.899024724;3.379211288;4.625978719;4.995529159;5.719818144;5.666952991;4.535794236;3.541176549;3.95551424;3.475059979;0.259932916;3.649916886;3.540977863;
Congo; Dem. Rep.;COD;GDP growth (annual %);-5.617046599;-1.624154045;-4.270140831;-6.910927317;-2.100173025;2.947765184;5.577822311;6.738373933;6.135151155;5.320979565;6.259477764;6.225894269;2.85506401;7.107976576;6.87467089;7.086898947;8.481956636;9.470288097;6.91616712;2.399398914;3.726947653;5.8211211;4.384528881;1.735422764;6.200154011;8.924447851
Congo; Rep.;COG;GDP growth (annual %);-0.624812152;3.73755277;-2.582199358;7.575980395;3.802601899;4.581870061;0.813264076;3.476631621;7.755758978;7.986238363;-6.613994804;6.306375956;11.63728886;9.931265431;2.205919363;9.947153143;-0.712434452;6.716679334;-3.550581765;-10.78323827;-4.382530946;-4.805351558;-0.086885958;-6.239319632;-2.200002606;1.547952897
Colombia;COL;GDP growth (annual %);NY.GDP.MKTP.KD.ZG;0.56978409;-4.204015244;2.924861483;1.677898308;2.503980466;3.918271904;5.333022067;4.828761108;6.716868698;6.738194691;3.283446186;1.139648645;4.494658971;6.947891982;3.912635767;5.13399352;4.499030001;2.955901375;2.087382502;1.359360868;2.564324283;3.186855392;-7.252299075;11.01619327;7.495775781;
Comoros;COM;GDP growth (annual %);NY.GDP.MKTP.KD.ZG;1.282515793;1.924408712;10.84787862;2.332907102;2.324944861;2.103871636;1.919659807;2.83754787;2.646955476;0.800042349;3.964611189;3.240740728;3.77776675;4.143506695;3.168409869;4.466247315;2.106657589;1.147350761;3.320446562;3.815762877;3.642451138;1.760780239;-0.195556827;2.112195577;2.387678485;
Cabo Verde;CPV;GDP growth (annual %);NY.GDP.MKTP.KD.ZG;12.51728567;11.22264853;14.28486883;2.231654493;5.250891246;4.176259302;10.19707261;6.912457988;7.983750447;15.17068797;7.039011296;-1.503586724;1.83641915;3.924718213;1.083648484;0.632136727;0.69666684;0.936026508;4.280714827;4.55131481;3.706964583;7.636081689;-19.30282275;6.811176432;17.71418117;
Costa Rica;CRI;GDP growth (annual %);NY.GDP.MKTP.KD.ZG;7.155308577;4.21481117;3.868718088;3.491169873;3.41687639;4.317179866;4.424599597;3.976666368;7.326695432;8.215131984;4.738174878;-0.873455943;5.36034348;4.40315924;4.88259241;2.494766112;3.542109878;3.652080968;4.204323252;4.157698963;2.615904404;2.417511818;-4.273354322;7.780797564;4.305015798;
Caribbean small states;CSS;GDP growth (annual %);NY.GDP.MKTP.KD.ZG;1.202213458;5.05007015;3.765540816;2.042887023;3.588075302;5.612006449;3.94242364;3.608366507;6.784940449;3.361217858;1.201884096;-3.536675444;1.283448665;1.053658855;3.187895454;1.463021867;2.137928647;0.264186286;-1.772659192;-0.535187037;1.275835929;0.826853047;-9.177423616;5.760881209;12.567807;
Cuba;CUB;GDP growth (annual %);NY.GDP.MKTP.KD.ZG;0.159146052;6.188755304;5.914760174;3.185029904;1.424821261;3.792740223;5.77053807;11.20165642;12.06586311;7.262136966;4.116828042;1.451305431;2.390352297;2.802300836;3.014900289;2.747602563;1.047576632;4.438141959;0.513761468;1.809054399;2.248480393;-0.164839982;-10.94834097;1.254092864;;
Curacao;CUW;GDP growth (annual %);NY.GDP.MKTP.KD.ZG;;;;-0.695753704;0.397065217;0.288186682;0.208461073;0.676425345;1.63593469;2.469963228;2.18804308;-0.531308242;0.082306609;0.612607618;-0.065889568;-0.81168656;-1.201361725;0.290948721;-0.873007584;-1.732225675;-2.16688148;-3.371799181;-18.43847185;4.232404629;;
Cayman Islands;CYM;GDP growth (annual %);NY.GDP.MKTP.KD.ZG;;;;;;;;;;3.162625338;-0.357401373;-7.200482782;-2.715636823;1.169062695;1.229753683;1.279330593;2.654529322;2.833122427;3.239973614;3.184047307;4.267265672;3.915636377;-5.108135407;4.028664289;;
Cyprus;CYP;GDP growth (annual %);NY.GDP.MKTP.KD.ZG;6.110846746;4.997960422;5.965310315;3.952560541;3.722956499;2.623286123;5.026343926;4.853003838;4.713828666;5.098068453;3.646811991;-2.015262359;2.283544997;0.416712763;-3.447381424;-6.587482257;-1.776061912;3.418923188;6.573580202;5.733476139;5.647858201;5.529428549;-4.372474186;6.638926968;5.632148019;
Czechia;CZE;GDP growth (annual %);NY.GDP.MKTP.KD.ZG;-0.356566596;1.384148943;4.001028635;3.042976563;1.569855328;3.583688459;4.814261001;6.60161753;6.766932681;5.570338859;2.686411951;-4.657331092;2.434902159;1.760359624;-0.785004299;-0.045903674;2.262102897;5.388380838;2.53728452;5.168724304;3.22008807;3.029878663;-5.502967961;3.552722062;2.460919243;
Germany;DEU;GDP growth (annual %);NY.GDP.MKTP.KD.ZG;2.013932785;1.887261154;2.912502964;1.681468481;-0.197973835;-0.700116686;1.175088132;0.731707164;3.816441913;2.976455131;0.959879134;-5.693836336;4.179882499;3.925192705;0.418497594;0.437591303;2.209543431;1.491931528;2.229999868;2.680231114;0.981232606;1.056603898;-3.696788705;2.626987267;1.78520821;
Djibouti;DJI;GDP growth (annual %);NY.GDP.MKTP.KD.ZG;;;;;;;;;;;;;;;;;7.061543242;7.526108919;7.123432337;5.458091517;4.774416888;5.5451306;1.202022033;4.8;3;
Dominica;DMA;GDP growth (annual %);NY.GDP.MKTP.KD.ZG;3.774226839;0.354079012;2.340219321;-0.06384473;-2.827998893;6.353137122;3.050690295;0.655862269;4.659455486;6.352972439;7.121057986;-1.169590643;0.6726344;-0.223550688;-1.059000243;-0.999940631;4.753786581;-2.731503063;2.763647982;-6.618994633;3.547584418;5.502483437;-16.60491154;6.891577388;5.938928276;
Denmark;DNK;GDP growth (annual %);NY.GDP.MKTP.KD.ZG;2.218158742;2.948022161;3.746862595;0.823152998;0.466345571;0.390058556;2.668219267;2.336641308;3.913007978;0.909238928;-0.512016745;-4.90654773;1.870991147;1.336777767;0.226499792;0.933340972;1.619393811;2.342591108;3.245956985;2.821736341;1.989537315;1.493486959;-1.994607569;4.855707586;3.819017747;
Dominican Republic;DOM;GDP growth (annual %);NY.GDP.MKTP.KD.ZG;6.714477712;5.940049136;4.66176228;2.459516368;4.495103403;-1.345706185;2.570134279;9.428236947;9.174355406;7.415951715;3.209504262;0.946155168;8.33965106;3.133423003;2.717367897;4.875205093;7.05046369;6.927018772;6.659200263;4.666704677;6.982527585;5.05216802;-6.720239373;12.27199024;4.858324033;
Algeria;DZA;GDP growth (annual %);NY.GDP.MKTP.KD.ZG;5.100003609;3.200001552;3.8;3;5.6;7.2;4.3;5.9;1.7;3.4;2.4;1.6;3.6;2.899999999;3.4;2.8;3.8;3.7;3.2;1.3;1.2;1;-5.1;3.4;3.1;
East Asia & Pacific (excluding high income);EAP;GDP growth (annual %);NY.GDP.MKTP.KD.ZG;2.89574337;6.382065499;7.635911394;6.984843601;8.059859433;8.942118149;9.122918228;9.977825845;11.07950984;12.48847315;8.619582925;7.984816292;9.923166965;8.651121666;7.575916354;7.29639352;6.984936284;6.689088104;6.586304074;6.705338384;6.525437059;5.782893628;1.299907571;7.548580476;3.411203883;
Early-demographic dividend;EAR;GDP growth (annual %);NY.GDP.MKTP.KD.ZG;2.321487395;2.085378648;4.404004575;1.048583703;1.817550615;5.429226352;6.236612934;5.908362697;5.978904016;5.775111763;3.494605963;0.813852432;6.544931925;4.973464534;4.233540256;4.147136964;4.194048118;4.505664336;4.542804959;4.574005742;3.820511586;2.390262687;-4.141302431;6.9011687;5.503577122;
East Asia & Pacific;EAS;GDP growth (annual %);NY.GDP.MKTP.KD.ZG;0.448469523;3.732880337;5.390822381;3.302723684;4.378792516;4.948878154;5.868078032;5.900077667;6.453843703;7.468614906;4.386753402;2.559953874;7.609693151;5.465582296;5.18015001;5.242633002;4.758307435;4.715117979;4.670281015;5.052037227;4.75995563;3.961600412;-0.118957465;6.102739833;2.846120339;
Europe & Central Asia (excluding high income);ECA;GDP growth (annual %);NY.GDP.MKTP.KD.ZG;-1.562939281;2.356145401;8.423437394;2.649334513;5.488503299;6.940253241;8.289193152;7.35840076;8.185728853;7.802109857;4.2329535;-5.726332377;5.641035075;6.28626683;3.975307818;4.046446398;2.050056132;0.912006381;1.577459056;3.926630453;3.163410295;2.242776877;-1.206385367;7.432165751;0.75325374;
Europe & Central Asia;ECS;GDP growth (annual %);NY.GDP.MKTP.KD.ZG;2.591693916;2.87066319;4.327044618;2.197640435;1.581492032;1.792078001;3.178786135;2.661709168;3.831483942;3.643240033;1.026671941;-4.442925021;2.686112442;2.331043262;0.352401211;0.849870427;1.925393287;2.081084707;1.937792206;2.873557154;2.174963089;1.798952171;-5.599474553;5.974170419;3.13168211;
Ecuador;ECU;GDP growth (annual %);NY.GDP.MKTP.KD.ZG;3.266529404;-4.739385791;1.091801564;4.0156299;4.096776659;2.722877337;8.211020917;5.291308267;4.403526434;2.190063972;6.3571306;0.566491592;3.525298669;7.868140919;5.641962067;4.946511267;3.788868549;0.098872608;-1.226383985;2.368386526;1.289291933;0.012105103;-7.787607091;4.235251242;2.947668633;
Egypt; Arab Rep.;EGY;GDP growth (annual %);5.49235474;5.575497461;6.053438783;6.370003834;3.535251969;2.390204028;3.193454737;4.092071611;4.471744472;6.843838194;7.087827427;7.156283566;4.6735998;5.147234858;1.764571949;2.226199799;2.185466054;2.91591188;4.372019078;4.346643456;4.181221;5.331108619;5.552093072;3.550164838;3.290646012;6.587845609
Euro area;EMU;GDP growth (annual %);NY.GDP.MKTP.KD.ZG;3.036356781;2.964926832;3.86516269;2.195762233;0.940351557;0.682210014;2.293932492;1.68149173;3.230855438;3.001646893;0.416671775;-4.521139429;2.180678788;1.714228927;-0.84183248;-0.219682352;1.402605434;2.049568505;1.864024308;2.617793484;1.783348682;1.583982869;-6.132405795;5.386671511;3.480419029;
Eritrea;ERI;GDP growth (annual %);NY.GDP.MKTP.KD.ZG;1.772583091;0.013480096;-3.141985903;8.755435528;3.005429192;-2.655515925;1.451735566;2.574449551;-0.969217111;1.426822211;-9.783030018;3.876501528;2.194190349;8.679800101;;;;;;;;;;;;
Spain;ESP;GDP growth (annual %);NY.GDP.MKTP.KD.ZG;4.393100735;4.490553378;5.245943824;3.933002765;2.730948329;2.981936316;3.122733517;3.652084192;4.102685741;3.604738462;0.887067046;-3.763107042;0.162919518;-0.814384777;-2.958922132;-1.403341868;1.395775367;3.838518877;3.037774142;2.975760729;2.284469419;1.983966223;-11.32543832;5.519594973;5.451739623;
Estonia;EST;GDP growth (annual %);NY.GDP.MKTP.KD.ZG;4.33982551;-0.425025157;10.08763444;6.003674251;6.77136793;7.600265185;6.804007771;9.526426972;9.76558337;7.57914052;-5.132000958;-14.62905503;2.444265118;7.263084581;3.228200494;1.458428636;3.011366587;1.853020046;3.155564814;5.792044675;3.78420085;3.739706682;-0.551001258;8.013462924;-1.287411341;
Ethiopia;ETH;GDP growth (annual %);NY.GDP.MKTP.KD.ZG;-3.458139134;5.162145821;6.07321748;8.301306321;1.514725706;-2.161359722;13.57260314;11.81876595;10.83472707;11.456167;10.78852169;8.802553198;12.55053835;11.17829623;8.647811633;10.58227005;10.25749296;10.39246302;9.433482658;9.564189643;6.816147797;8.364085699;6.059530886;5.641530717;5.31709603;
European Union;EUU;GDP growth (annual %);NY.GDP.MKTP.KD.ZG;3.011095852;2.9491482;3.900841643;2.176063718;1.111048402;0.90836853;2.592787413;1.925002792;3.493906803;3.155581086;0.640739252;-4.348350839;2.225063689;1.893524586;-0.699940695;-0.083835083;1.597496352;2.307068815;1.977188018;2.838503119;2.065957679;1.806879835;-5.672343724;5.468607465;3.540267195;
Fragile and conflict affected situations;FCS;GDP growth (annual %);NY.GDP.MKTP.KD.ZG;5.750197824;3.31743899;5.441481552;4.324313758;4.642910112;1.233791434;11.05948274;5.83979272;5.859759197;6.009401677;5.034827138;2.882162474;6.944084881;0.00515042;4.86515865;3.477984144;2.170717878;0.911796549;2.396027668;2.486555188;2.613980787;2.213677649;-4.408332047;1.938842156;1.098216534;
Finland;FIN;GDP growth (annual %);NY.GDP.MKTP.KD.ZG;5.457180501;4.379575723;5.773362458;2.610019124;1.707148962;2.003784203;3.99209129;2.779850556;4.027409658;5.299336507;0.783995061;-8.074447432;3.185958654;2.547664838;-1.397545728;-0.901696316;-0.364908157;0.543659212;2.811457767;3.19240963;1.139718013;1.224748922;-2.354965157;3.046482272;2.083775209;
Fiji;FJI;GDP growth (annual %);NY.GDP.MKTP.KD.ZG;1.300000452;8.799998719;-1.699998416;2.000000147;3.199999114;0.999999345;5.299999705;0.700000402;1.852483872;-0.85065431;1.03279422;-1.386037708;2.954672422;2.705143029;1.411314382;4.73421949;5.603514406;4.50120041;2.445651797;5.35336456;3.812351222;-0.581946709;-17.0002349;-5.111607393;16.12485102;
France;FRA;GDP growth (annual %);NY.GDP.MKTP.KD.ZG;3.588659425;3.421373799;3.923669227;1.983721419;1.135531482;0.823160757;2.829752929;1.66321998;2.449323601;2.424736243;0.25494596;-2.873313828;1.949437623;2.192700633;0.313134751;0.576326675;0.956183052;1.112912341;1.095464404;2.291419994;1.865066071;1.842971814;-7.784586492;6.816589136;2.562393564;
Faroe Islands;FRO;GDP growth (annual %);NY.GDP.MKTP.KD.ZG;;;;;;;;;;;;-4.303002162;-0.576939114;3.708194171;7.016653799;5.853051914;5.432701357;0.976378534;1.469915804;3.514305971;2.731552155;4.952850177;-2.628731394;5.634924145;;
Micronesia; Fed. Sts.;FSM;GDP growth (annual %);-6.060937437;2.85051586;1.37443839;4.833903786;2.167602441;0.546997672;1.572115067;-3.080153047;2.041867164;-0.081055293;-1.836185294;-2.408492587;1.093099241;2.259389956;3.188574755;-1.866819755;-3.679767791;-2.305775745;4.621884004;0.900180417;2.682185944;0.2116536;1.174799228;-1.765415152;-3.188187197;-0.619574793
Gabon;GAB;GDP growth (annual %);NY.GDP.MKTP.KD.ZG;3.477833587;-8.932622802;-1.882966398;2.135233422;-0.249033169;2.247330012;0.689543058;2.676203333;-2.806578356;6.008108025;-3.308430649;0.13033112;7.089887315;7.091753343;5.251076918;5.638699003;4.314964441;3.878899395;2.091442208;0.472642031;0.837916581;3.920808795;-1.837761064;1.467957315;3.036941861;
United Kingdom;GBR;GDP growth (annual %);NY.GDP.MKTP.KD.ZG;3.157287339;3.014070476;4.092653478;2.157428178;1.770765299;3.123053313;2.344971482;2.668337657;2.160405321;2.563460461;-0.154344315;-4.5104856;2.430072895;1.067610914;1.448456757;1.819863375;3.199702626;2.393103184;2.165206211;2.44357047;1.705021022;1.604308648;-11.03085846;7.597470972;4.101621381;
Georgia;GEO;GDP growth (annual %);NY.GDP.MKTP.KD.ZG;3.104902718;2.869257044;1.838341066;4.805453273;5.473836801;11.05872319;5.794496346;9.589574062;9.419770648;12.57895343;2.418571659;-3.650513631;6.249487768;7.399999867;6.369008306;3.621305352;4.431924823;3.02220738;2.90643878;4.842603225;4.842919885;4.982350475;-6.760439817;10.4655372;10.10871994;
Ghana;GHA;GDP growth (annual %);NY.GDP.MKTP.KD.ZG;4.700390784;4.399996825;3.700000082;4.000000128;4.499999559;5.200000133;5.599999991;5.900003819;6.399912606;4.346819104;9.149798938;4.844487052;7.899711941;14.04712358;9.292789406;7.312525017;2.856240163;2.120759338;3.37346575;8.128894881;6.200077681;6.507774794;0.513941671;5.356477874;3.239706263;
Gibraltar;GIB;GDP growth (annual %);NY.GDP.MKTP.KD.ZG;;;;;;;;;;;;;;;;;;;;;;;;;;
Guinea;GIN;GDP growth (annual %);NY.GDP.MKTP.KD.ZG;3.644121242;3.812004035;2.503060562;3.658346471;5.164609466;1.24860126;2.340117313;2.997272562;1.189602117;6.817471113;4.133016159;-1.122642048;4.81336017;5.612111774;5.915286261;3.945687086;3.696553117;3.825910569;10.8206272;10.30000534;6.358491927;5.616914469;4.920266372;3.9;4.7;
Gambia; The;GMB;GDP growth (annual %);4.89999911;3.499998702;6.39999905;5.500000216;5.800000243;-3.25000015;6.869999622;7.050000001;-2.351729362;-0.555580977;3.043249508;6.255905534;6.665724308;5.90833581;-8.130444223;5.241569246;2.87276879;-1.407382495;4.058073804;1.943359655;4.822611249;7.234890333;6.22205316;0.591487288;4.265492093;4.92372751
Guinea-Bissau;GNB;GDP growth (annual %);NY.GDP.MKTP.KD.ZG;-28.09997973;1.025537409;5.426987367;2.188906815;-0.985177525;0.568510176;2.76140199;4.266098931;2.309357998;3.262955456;3.203567307;3.368974958;4.6109709;8.084779734;-1.712683012;3.255904265;0.964560751;6.134082941;6.262805638;5.919176626;1.283736703;4.499999992;-2.399999999;3.80000243;3.500049592;
Equatorial Guinea;GNQ;GDP growth (annual %);NY.GDP.MKTP.KD.ZG;23.77448233;25.66401544;18.21377996;63.37987543;19.46283404;13.95525032;37.99872686;16.74870061;7.704917607;15.28211392;17.79910913;1.343356288;-8.924175889;6.52392363;8.312871844;-4.133198501;0.415066302;-9.110041149;-8.816417232;-5.667508505;-6.236544067;-5.481825379;-4.241481321;-0.945382917;3.145798294;
Greece;GRC;GDP growth (annual %);NY.GDP.MKTP.KD.ZG;3.894905028;3.072596691;3.919770717;4.131612253;3.922871653;5.794531473;5.060992204;0.599142189;5.652433622;3.273746904;-0.335172342;-4.300733673;-5.478217742;-10.14931483;-7.086696786;-2.515997222;0.475695947;-0.19608763;-0.487173294;1.09214912;1.668428636;1.884341785;-9.004043642;8.434425502;5.913708309;
Grenada;GRD;GDP growth (annual %);NY.GDP.MKTP.KD.ZG;11.75350299;6.898362434;4.887952137;-2.023900041;3.43732353;9.463973431;-0.647450316;13.27618833;-3.995328244;6.123450947;0.947542625;-6.613281348;-0.511146187;0.76477355;-1.154838164;2.351098017;7.34212396;6.445223147;3.739603956;4.438675669;4.361440394;0.676511739;-13.75662226;4.687478169;5.80000089;
Greenland;GRL;GDP growth (annual %);NY.GDP.MKTP.KD.ZG;7.757981745;1.377884445;7.101596882;1.269035079;-0.971177311;4.430045721;6.906582837;4.987491771;5.555694901;2.352437981;6.166132702;0.865952329;1.735825059;-0.496519392;1.39419336;-1.298280693;4.742135673;-2.529318024;4.68195411;0.052728183;0.623065429;2.832177568;0.187608794;1.290210488;;
Guatemala;GTM;GDP growth (annual %);NY.GDP.MKTP.KD.ZG;4.993527803;3.847062189;3.608868717;2.332574866;3.839287086;2.560377668;3.137916836;3.276026926;5.351397787;6.33771869;3.293524;0.476898107;2.884175428;4.163906883;2.974708568;3.694819199;4.443977583;4.092170816;2.677802555;3.079851491;3.4068734;4.017897934;-1.791857695;8.002408036;4.118004169;
Guam;GUM;GDP growth (annual %);NY.GDP.MKTP.KD.ZG;;;;;;0.879314135;6.493789497;3.642316349;-3.652517275;0.717213115;2.034587996;0.438683948;2.263251936;0.077654824;2.13385063;1.690408357;1.793051924;0.825688073;0.181983621;0.890099909;-0.792221822;2.595281307;-11.39218114;1.058095428;;
Guyana;GUY;GDP growth (annual %);NY.GDP.MKTP.KD.ZG;-1.679104492;2.960151803;-1.363803903;2.279521659;1.132626962;-0.632225388;1.56335211;-1.950957595;5.129609348;7.191236241;1.755223496;3.611508472;4.138441601;5.196251561;5.27633062;3.653504768;1.686027732;0.68752121;3.807918837;3.734374061;4.441013589;5.352627426;43.47955594;20.06001095;57.80022;
High income;HIC;GDP growth (annual %);NY.GDP.MKTP.KD.ZG;2.877836582;3.480270019;4.125883345;1.478037691;1.547948684;2.188107425;3.418440909;2.881956335;3.073304114;2.701598889;0.549085922;-3.25040574;3.025420144;1.942656081;1.412825249;1.497702455;2.097664055;2.371823657;1.841982809;2.384498828;2.360293352;1.756643828;-4.241562627;5.337773368;2.801075899;
Hong Kong SAR; China;HKG;GDP growth (annual %);5.099765854;-5.882580172;2.506641304;7.663467141;0.560800279;1.656695167;3.056291692;8.700063481;7.388152214;7.032628866;6.4648365;2.127851362;-2.459055688;6.767690547;4.814732438;1.700319944;3.101552956;2.762384225;2.387847067;2.175418989;3.796103146;2.846920534;-1.672431653;-6.54479911;6.441723826;-3.476329865
Honduras;HND;GDP growth (annual %);NY.GDP.MKTP.KD.ZG;3.590233034;-0.735651085;7.291288159;2.723193273;3.754337861;4.547038052;6.232302961;6.050599222;6.567243552;6.188327167;4.23160011;-2.43162788;3.731140344;3.835690662;4.128687749;2.791559757;3.058080562;3.840079971;3.892972197;4.842913911;3.84499477;2.653066255;-8.964760184;12.53409602;3.997949815;
Heavily indebted poor countries (HIPC);HPC;GDP growth (annual %);NY.GDP.MKTP.KD.ZG;3.420753056;2.988497989;2.978762111;4.02906158;3.528194216;4.033001962;5.602321601;5.570446379;5.902241129;5.483078979;5.50197216;3.254711506;5.946696722;3.921030852;2.612037713;5.547538748;5.778965502;4.60650951;4.372227428;4.790428251;3.88565618;4.166104524;0.196545361;3.904310232;4.527340743;
Croatia;HRV;GDP growth (annual %);NY.GDP.MKTP.KD.ZG;2.250935461;-0.840291073;2.95879822;3.112461508;5.823015627;5.595353104;4.182653826;4.30869993;4.918058758;4.960917837;2.001864021;-7.193444759;-1.223779482;-0.086613779;-2.331661645;-0.397827665;-0.429360586;2.522292277;3.559359482;3.412467822;2.800676199;3.42100553;-8.580343021;13.07220492;6.331336296;
Haiti;HTI;GDP growth (annual %);NY.GDP.MKTP.KD.ZG;2.18184033;2.71024801;0.870059259;-0.342747883;1.051820135;3.480779732;-1.31785676;3.072173377;1.768750603;4.70652994;2.658032308;5.890378948;-5.651511534;5.098213544;0.502424404;4.324784115;2.888772515;1.400000002;1.812468078;2.510271345;1.667810955;-1.723096995;-3.305505473;-1.798239889;-1.681983975;
Hungary;HUN;GDP growth (annual %);NY.GDP.MKTP.KD.ZG;3.900004501;3.071026866;4.479194732;4.074088033;4.741286546;4.074249746;5.004620692;4.29427761;3.94606688;0.277372772;1.003943029;-6.597867219;1.076254043;1.866837475;-1.250226023;1.802522101;4.232209806;3.707315979;2.201001893;4.271976016;5.362348362;4.864225735;-4.535550833;7.200000346;4.577905769;
IBRD only;IBD;GDP growth (annual %);NY.GDP.MKTP.KD.ZG;2.591983424;3.768848521;5.898968856;3.654414194;4.614353544;5.995594634;7.693168901;7.227059862;8.285287282;9.001249806;5.938716804;2.882704556;7.824524062;6.40172356;5.465018124;5.252438953;4.810570702;4.43924462;4.594489236;5.245660916;4.942815305;3.988179159;-1.317166552;7.428592476;3.514201701;
IDA & IBRD total;IBT;GDP growth (annual %);NY.GDP.MKTP.KD.ZG;2.664818253;3.690154812;5.727211828;3.69950075;4.678516635;5.907353548;7.600535253;7.128493251;8.101009781;8.75719107;5.866167483;3.04155635;7.696359898;6.215457392;5.270916495;5.250825088;4.870033469;4.351152275;4.486849869;5.141621862;4.887705414;3.979987863;-1.249123569;7.166994741;3.573074231;
IDA total;IDA;GDP growth (annual %);NY.GDP.MKTP.KD.ZG;3.435859174;2.863887379;3.89789532;4.187454877;5.369271261;4.97069861;6.607654083;6.061259579;6.083806683;6.030147807;5.032806555;4.852780547;6.262492076;4.100926469;3.018735392;5.23165458;5.574209026;3.315482614;3.207608394;3.888553158;4.215279336;3.879343618;-0.412221912;3.95916957;4.319087401;
IDA blend;IDB;GDP growth (annual %);NY.GDP.MKTP.KD.ZG;2.710777245;2.105233198;3.691220261;4.368220535;7.113983689;5.113485893;7.515469652;5.957807766;5.802928619;5.790430728;4.126156383;5.913085381;6.148728135;4.699865048;4.555550513;5.570401614;5.827549775;3.818856426;1.669268515;2.523719897;3.761697782;2.769534604;-1.388025874;5.071845884;4.539162781;
Indonesia;IDN;GDP growth (annual %);NY.GDP.MKTP.KD.ZG;-13.12672549;0.791126082;4.920067747;3.643466447;4.499475391;4.780369122;5.030873945;5.692571304;5.500951785;6.345022227;6.0137036;4.628871183;6.223854181;6.169784208;6.030050653;5.557263689;5.006668426;4.8763223;5.033069183;5.069785901;5.17429154;5.01928768;-2.065511829;3.703055357;5.308595005;
IDA only;IDX;GDP growth (annual %);NY.GDP.MKTP.KD.ZG;4.078066769;3.52700262;4.076062451;4.03256071;3.869863877;4.845791485;5.811489692;6.153449057;6.333645508;6.242310035;5.831826684;3.960285516;6.360049842;3.588329809;1.689351537;4.930370704;5.348906171;2.865784596;4.594645093;5.0847303;4.603122398;4.820672343;0.399249248;3.040191366;4.133739558;
Isle of Man;IMN;GDP growth (annual %);NY.GDP.MKTP.KD.ZG;13.50000596;13.69999702;5.300001526;5.399999031;6.199998195;5.999999688;5.200003104;5.899999336;7.699998713;7.50000023;4.900001001;2.100000272;3.399998424;1.999999382;7.303879266;4.141868321;5.155032339;-0.385798408;6.952302529;2.837762345;2.213397869;0.25488493;-8.83623207;;;
India;IND;GDP growth (annual %);NY.GDP.MKTP.KD.ZG;6.184415821;8.845755561;3.840991157;4.823966264;3.803975321;7.860381476;7.922936613;7.923430621;8.060732573;7.660815065;3.08669806;7.861888833;8.497584702;5.241315001;5.456388753;6.386106401;7.410227605;7.996253786;8.256305502;6.795383419;6.453851345;3.871436941;-5.83105322;9.050277908;7.002951544;
Not classified;INX;GDP growth (annual %);NY.GDP.MKTP.KD.ZG;;;;;;;;;;;;;;;;;;;;;;;;;;
Ireland;IRL;GDP growth (annual %);NY.GDP.MKTP.KD.ZG;8.76612231;10.52988626;9.403524642;5.305820912;5.899365761;3.013838079;6.788140204;5.739782169;4.987853473;5.310118147;-4.484070492;-5.095782755;1.682971538;0.833830149;-0.005542011;1.125689646;8.649350608;24.37044535;2.006654115;9.005342424;8.527541391;5.440937334;6.184538039;13.58824711;11.9695803;
Iran; Islamic Rep.;IRN;GDP growth (annual %);1.350399274;2.08001178;2.002696233;5.845527476;2.392172712;8.07882928;8.639298397;4.336665979;3.189804087;4.999795262;8.155773524;0.250856553;1.007385458;5.797938302;2.645717918;-3.747171399;-1.521979205;4.984775067;-1.424884939;8.815086643;2.758505246;-2.253863607;-2.658206662;3.330288459;4.719777732;2.749166141
Iraq;IRQ;GDP growth (annual %);NY.GDP.MKTP.KD.ZG;34.85709513;17.58226601;16.92166569;1.761480089;-8.198469828;-36.65815267;53.38179418;1.671889623;5.646297801;1.885572141;8.228107104;3.379299094;6.402564845;7.5464712;13.93643017;7.628571185;0.19701671;4.722864019;13.78737302;-1.819750351;2.633850991;5.513790575;-12.03679309;1.583393363;7.008745223;
Iceland;ISL;GDP growth (annual %);NY.GDP.MKTP.KD.ZG;7.362800953;4.034923527;4.98504277;4.013497555;0.559519082;2.142688379;7.802399508;6.124438965;6.316993086;8.454860096;2.209496419;-7.66380956;-2.832774915;1.845779156;1.063636607;4.55246032;1.687215018;4.436663719;6.303687107;4.194948829;4.889172995;1.805161042;-7.241872034;4.333402012;6.444566325;
Israel;ISR;GDP growth (annual %);NY.GDP.MKTP.KD.ZG;4.115555069;3.330492529;8.671655277;0.334070643;-0.114220928;1.393912964;4.784467426;4.134076619;5.582667959;6.033213571;3.251163361;0.883120394;5.668515118;5.561139076;2.587653844;4.415501587;3.919126893;2.485826289;4.521680309;4.276595951;4.070321887;4.156137989;-1.857289278;8.611990348;6.464668446;
Italy;ITA;GDP growth (annual %);NY.GDP.MKTP.KD.ZG;1.810615162;1.625727599;3.786955143;1.951371556;0.253942999;0.138626891;1.423594158;0.817848974;1.790639681;1.48707298;-0.962012841;-5.280937208;1.713295839;0.707333347;-2.980905768;-1.841065451;-0.004547542;0.778304351;1.293462732;1.667859041;0.925810941;0.483198317;-8.979126097;6.986766416;3.674683255;
Jamaica;JAM;GDP growth (annual %);NY.GDP.MKTP.KD.ZG;-2.334553543;1.047673871;0.878703548;1.344929564;1.997290944;3.666317593;1.3237251;0.893797936;2.89912535;1.431954037;-0.811736703;-4.345301858;-1.457147209;1.730376267;-0.61363604;0.517686013;0.689822357;0.921487125;1.375223064;0.997123062;1.889923681;0.892291654;-9.9;4.6;4.2;
Jordan;JOR;GDP growth (annual %);NY.GDP.MKTP.KD.ZG;3.01217269;3.389530794;4.245711921;5.269957575;5.783807927;4.161667555;8.567214242;8.146594811;8.092975278;8.176169952;7.220386373;5.023710073;2.314834221;2.737179886;2.429358001;2.609947375;3.384078099;2.496528793;1.994180849;2.473598154;1.919072636;1.751239735;-1.606636278;2.222999278;2.503796384;
Japan;JPN;GDP growth (annual %);NY.GDP.MKTP.KD.ZG;-1.270330495;-0.333929958;2.764647551;0.386103426;0.041962499;1.535125499;2.186115694;1.803900872;1.372350128;1.483969412;-1.224289001;-5.693236359;4.097917919;0.023809524;1.374750999;2.005100177;0.296205514;1.560626697;0.753826746;1.675331752;0.643391023;-0.402169201;-4.278603688;2.142487369;1.028624866;
Kazakhstan;KAZ;GDP growth (annual %);NY.GDP.MKTP.KD.ZG;-1.899999999;2.699999998;9.800000002;13.5;9.8;9.3;9.600000001;9.699999999;10.7;8.9;3.3;1.199999999;7.3;7.400000001;4.8;5.999999999;4.200000001;1.2;1.1;4.1;4.1;4.5;-2.5;4.3;3.2;
Kenya;KEN;GDP growth (annual %);NY.GDP.MKTP.KD.ZG;3.290213722;2.305388595;0.599695391;3.779906498;0.54685953;2.932475546;5.104299776;5.90666608;6.4724943;6.85072977;0.232282745;3.306939816;8.058473603;5.12110612;4.568679614;3.797848393;5.020111002;4.967721128;4.213517068;3.837958174;5.647946407;5.114158858;-0.272766327;7.590489473;4.846634856;
Kyrgyz Republic;KGZ;GDP growth (annual %);NY.GDP.MKTP.KD.ZG;2.121835264;3.65578939;5.443336633;5.321621422;-0.017324602;7.030293201;7.026812415;-0.175515413;3.102898745;8.542874764;8.40161606;2.886294575;-0.471566601;5.956274309;-0.088150201;10.91546945;4.024038626;3.875825448;4.335855917;4.739937225;3.757910125;4.600625666;-8.398364296;6.167638428;7.022208826;
Cambodia;KHM;GDP growth (annual %);NY.GDP.MKTP.KD.ZG;4.681632108;12.70538113;9.993580322;8.148386098;6.578939503;8.505895557;10.34052878;13.25008691;10.77108367;10.21257391;6.691577475;0.086696959;5.963078575;7.069569946;7.313345505;7.356665149;7.142571101;6.965797814;6.933313973;6.996903699;7.469169207;7.054106932;-3.096006731;3.026389363;5.16246;
Kiribati;KIR;GDP growth (annual %);NY.GDP.MKTP.KD.ZG;6.557377049;-1.538461538;6.25;-1.470588235;3.787462687;2.006324636;-1.629360204;4.951631626;-0.049295323;2.034947265;-2.091436758;0.802819887;-1.120260261;1.76257601;5.136144329;4.161574477;-1.096288599;9.865174721;-0.478196755;0.186027237;5.113636364;-2.162162162;-1.657458564;7.865168539;1.5625;
St. Kitts and Nevis;KNA;GDP growth (annual %);NY.GDP.MKTP.KD.ZG;-0.486745779;3.219886422;10.04280842;5.25344983;1.367715073;-3.93339486;3.996346661;9.732820703;3.1503812;0.600602327;11.17852797;-3.379306113;0.043977654;1.616607304;-0.525762355;5.709822978;7.581478883;0.714014854;3.930004683;0.007510659;2.052022866;4.047063509;-14.53052971;-0.880100861;9;
Korea; Rep.;KOR;GDP growth (annual %);6.170552427;-5.129448165;11.46694243;9.060833325;4.852399572;7.725142675;3.147291194;5.197391363;4.308542714;5.264326595;5.799548415;3.012984873;0.79269899;6.804824918;3.685667782;2.402530992;3.164708636;3.202453795;2.809103268;2.946881715;3.15963574;2.907403774;2.24397786;-0.709415359;4.145323954;2.560537432
Kuwait;KWT;GDP growth (annual %);NY.GDP.MKTP.KD.ZG;3.662054728;-1.789009125;4.694581871;0.213332576;3.014283152;17.32602042;10.24029806;10.60904498;7.514773;5.991575511;2.479756943;-7.076056431;-2.37026412;9.628406975;6.6258183;1.149300437;0.500876982;0.593019617;2.925868226;-4.712106209;2.433981269;-0.551959332;-8.855278885;1.308056509;8.177755846;
Latin America & Caribbean (excluding high income);LAC;GDP growth (annual %);NY.GDP.MKTP.KD.ZG;2.444418028;0.4724367;3.562535172;0.204601443;0.42755988;2.505963433;5.438640956;4.079772648;5.17592961;5.458278834;3.843104669;-2.084213502;6.71874552;4.484697241;2.378394402;2.871167912;1.359356511;0.413911528;-0.296832951;2.006129526;1.626829439;0.68219381;-6.338581723;6.500803246;3.601567092;
Lao PDR;LAO;GDP growth (annual %);NY.GDP.MKTP.KD.ZG;3.967608091;7.306376073;5.798782326;5.751412882;5.918743682;6.067002304;6.35769548;7.107568369;8.619266209;7.596828801;7.824902763;7.501774913;8.526905517;8.038652681;8.026098434;8.026300226;7.611963441;7.270065843;7.022836255;6.892530873;6.247960008;5.457735092;0.50303183;2.528351001;2.707426527;
Lebanon;LBN;GDP growth (annual %);NY.GDP.MKTP.KD.ZG;3.665723784;-0.525584634;1.341871619;3.839669278;3.423149827;3.227098269;6.679444617;2.68577931;1.549515002;9.310622525;9.069128269;10.23215558;7.975135559;0.867339877;2.564791337;3.827873498;2.484060106;0.462320792;1.55454941;0.903028464;-1.884705756;-6.914924729;-21.39989969;-7.001238625;;
Liberia;LBR;GDP growth (annual %);NY.GDP.MKTP.KD.ZG;;;;2.920274766;3.763017617;-30.14513273;2.619846895;5.281212453;8.043909972;9.535275363;7.145691128;5.300540503;6.09982524;8.200768225;7.993814446;8.687287816;0.7013931;-0.01856497;-1.554958617;2.45515592;1.157575122;-2.467297635;-2.982491276;4.986712835;4.808113461;
Libya;LBY;GDP growth (annual %);NY.GDP.MKTP.KD.ZG;;;3.679270408;-1.762838871;-0.958897333;13.01603725;4.461638996;11.87075652;6.50052542;6.229982786;-0.162048239;-4.400181763;5.027247672;-50.33851514;86.82674844;-17.99796157;-23.04280583;-0.842656252;-1.490941117;32.49180219;7.941367853;-11.19569459;-29.78714799;31.37251544;-1.236981944;
St. Lucia;LCA;GDP growth (annual %);NY.GDP.MKTP.KD.ZG;6.286471215;2.670603511;0.048748554;-3.408063962;0.416450493;4.264611487;7.26740887;-0.410304726;6.195257291;1.691618574;4.94932194;-2.828899548;0.330430251;4.327130224;-0.110132159;-2.004252638;1.328002572;0.101120254;3.428673296;3.387785587;2.880376394;-0.649970292;-24.36571221;12.23193962;15.4;
Latin America & Caribbean;LCN;GDP growth (annual %);NY.GDP.MKTP.KD.ZG;2.646181325;0.645786284;3.556546795;0.484730105;0.520228728;2.54485516;5.586143937;4.012407697;5.058620316;5.289518495;3.731982347;-1.986899525;6.428144443;4.449026862;2.57146952;2.856652829;1.392201003;0.521035768;-0.159189425;1.87807359;1.624768843;0.738665341;-6.451022173;6.734009647;3.751778378;
Least developed countries: UN classification;LDC;GDP growth (annual %);NY.GDP.MKTP.KD.ZG;3.948619229;3.952813824;4.266875149;5.222462085;4.99295583;5.050938752;6.311944414;7.329203834;6.865654655;7.229802193;6.340054272;3.9257451;6.179370964;3.009546687;2.166030556;5.609249856;5.59335795;2.452281206;4.010710131;4.316948518;4.375865251;4.859785104;0.689791203;1.930539221;4.427820908;
Low income;LIC;GDP growth (annual %);NY.GDP.MKTP.KD.ZG;3.865975008;2.489556983;3.311731718;4.883904697;4.340744773;4.988319592;6.011766519;6.485344497;5.972787293;6.085282675;5.351669056;3.462845989;6.699131986;0.351034649;-4.570579292;3.298871292;4.391437181;-0.390631299;2.129491902;2.786452736;3.002929698;3.81860776;0.01895419;1.776178203;3.500565851;
Liechtenstein;LIE;GDP growth (annual %);NY.GDP.MKTP.KD.ZG;7.761262837;10.4109232;3.220193082;-0.733092455;-0.993919947;-1.937565341;3.039172103;4.828076777;8.644968573;3.325963509;1.798088478;-1.15748292;;;;;;;;;;;;;;
Sri Lanka;LKA;GDP growth (annual %);NY.GDP.MKTP.KD.ZG;4.698423048;4.300540498;6.000033158;-1.545408134;3.964675685;5.940269078;5.445061279;6.241748044;7.668291901;6.796826119;5.950088145;3.538912053;8.01596737;8.669483012;8.632181377;4.05174633;6.377978897;4.205955475;5.05362489;6.460681271;2.310084255;-0.220483887;-4.624515817;3.512224555;-7.823977326;
Lower middle income;LMC;GDP growth (annual %);NY.GDP.MKTP.KD.ZG;4.090328464;4.78553571;4.418963475;4.263886413;4.972162267;6.37000863;6.789216614;6.154358005;6.618034796;6.986790115;4.016630958;4.677009489;6.64485909;4.567918215;4.238668576;4.891748793;5.665897664;5.002344388;5.773665962;5.112908992;4.754487568;3.537923897;-3.062534358;5.992554834;5.078670606;
Low & middle income;LMY;GDP growth (annual %);NY.GDP.MKTP.KD.ZG;2.624413054;3.800656422;5.830633348;3.776734365;4.764150162;6.01803798;7.667630471;7.278332678;8.191372146;8.856175768;5.893085276;3.207243152;7.924813617;6.257738105;5.364752634;5.392164081;4.923874261;4.394960879;4.557560475;5.161604341;4.879841587;3.997645555;-1.156334483;7.113027921;3.517079276;
Lesotho;LSO;GDP growth (annual %);NY.GDP.MKTP.KD.ZG;1.53765564;0.476025102;3.875546814;3.561582191;0.723835961;4.559776811;1.692374206;3.466122481;4.230094854;4.187914418;5.522028201;-1.255514626;5.266280653;4.614252238;6.334821701;1.792531445;1.710544004;3.127557724;3.605400048;-3.138174923;-1.48063361;-0.764225981;-5.619402426;1.557679833;0.591917768;
Late-demographic dividend;LTE;GDP growth (annual %);NY.GDP.MKTP.KD.ZG;2.791194608;4.632936643;6.974660268;5.188503698;5.986607402;6.818891967;8.175824488;7.743191734;9.283444522;10.21619121;6.923920301;3.70316354;8.018919902;7.193245222;5.877740053;5.609945716;5.22313614;4.698393236;4.476986538;5.298332885;5.42333202;4.646903024;0.174728579;7.421934343;3.197890202;
Lithuania;LTU;GDP growth (annual %);NY.GDP.MKTP.KD.ZG;7.475758724;-1.141571156;3.695525421;6.526108902;6.751414576;10.56595699;6.569490118;7.732367604;7.414121335;11.10748014;2.614423033;-14.83860837;1.651240653;6.03900816;3.843864749;3.550072843;3.537009879;2.024583955;2.518828273;4.282596951;3.993310328;4.625103139;-0.022073742;5.980848085;1.887795395;
Luxembourg;LUX;GDP growth (annual %);NY.GDP.MKTP.KD.ZG;6.67451219;8.175181563;6.938130249;3.074354999;3.2254169;2.619378579;4.231891307;2.482874748;6.016715044;8.098667607;-0.300176194;-3.238954027;3.760413593;1.044298695;1.64990203;3.171790499;2.623086016;2.269784484;4.978190437;1.317187663;1.219321919;2.319925201;-0.797435589;5.102455447;1.548714616;
Latvia;LVA;GDP growth (annual %);NY.GDP.MKTP.KD.ZG;6.335937784;2.756174216;5.675741312;6.323508159;7.088128657;8.422862207;8.284145978;10.72036596;11.97183569;9.941921628;-3.249120723;-14.26014004;-4.45556726;2.573712363;7.042247161;2.007966879;1.902172684;3.885260054;2.368614747;3.312475936;3.991854505;2.569703888;-2.202985338;4.064016104;1.976185961;
Macao SAR; China;MAC;GDP growth (annual %);-0.279862298;-4.570666932;-2.358789288;5.746677091;2.888590153;8.910810237;11.64054885;26.63084724;8.075440076;13.39039029;14.47638915;3.391579839;1.27432088;25.12275964;21.61652888;9.242245928;10.75285399;-2.048380612;-21.51440527;-0.679060845;9.983305509;6.464667694;-2.511937846;-54.23590002;19.26705638;-26.76142266
St. Martin (French part);MAF;GDP growth (annual %);NY.GDP.MKTP.KD.ZG;;;;;;;;;;;;;;;;;;;;;;;;;;
Morocco;MAR;GDP growth (annual %);NY.GDP.MKTP.KD.ZG;7.23855269;1.697061479;2.582180899;7.721825212;3.730197362;6.171102153;4.571380171;3.192249719;7.790820018;3.44106777;5.68453936;3.745769399;3.499557102;5.524645232;3.062343684;4.122212869;2.719244078;4.344582976;0.521185506;5.057898162;3.06564133;2.890974761;-7.187079577;7.929667934;1.079969491;
Monaco;MCO;GDP growth (annual %);NY.GDP.MKTP.KD.ZG;3.503265289;3.300541461;3.910229176;2.187734091;1.026495639;1.087536749;2.470484168;1.89541352;5.803937636;14.42889803;0.666835003;-11.29999946;2.09999905;7.000000024;1.012217961;9.574890743;7.189187012;4.863473211;3.451551047;-3.500961422;5.95627042;6.905665492;-12.96513471;21.5535607;;
Moldova;MDA;GDP growth (annual %);NY.GDP.MKTP.KD.ZG;-6.542192023;-3.368254529;2.107716048;6.100000413;7.799999641;6.600000038;7.39999969;7.500000139;4.79999985;3.00000024;7.800000145;-6.000000289;7.100000084;5.818166173;-0.589733908;9.043865593;4.999625866;-0.338235652;4.646014363;4.175612051;4.075595466;3.552314085;-8.27597832;13.92999979;-5.948036793;
Madagascar;MDG;GDP growth (annual %);NY.GDP.MKTP.KD.ZG;3.917074599;4.699227044;4.456858938;5.980235764;-12.4079711;9.784892121;5.257003621;4.755845097;5.39850845;5.710564197;6.712632542;-3.978708613;0.619239746;1.578427051;3.011148115;2.300376232;3.339203113;3.132298073;3.993146064;3.933307595;3.194356515;4.41123213;-7.137671622;5.739615738;3.796204884;
Maldives;MDV;GDP growth (annual %);NY.GDP.MKTP.KD.ZG;7.494683025;6.175655828;3.845810392;-3.943634354;7.268386313;13.75004982;6.033754049;-13.12905343;26.1114935;7.713867271;9.485332661;-7.228841465;7.265129068;8.566733531;2.517383942;7.281073979;7.329626203;2.88454853;6.338300636;7.209910123;8.123128908;7.097466015;-33.49279579;41.74510055;12.29948647;
Middle East & North Africa;MEA;GDP growth (annual %);NY.GDP.MKTP.KD.ZG;4.581166783;1.992512975;6.750072976;1.52326847;1.507558572;5.063952189;7.846179115;5.004277311;5.83785667;5.205183748;4.589065701;0.638872711;5.012254947;3.803274922;4.32719848;2.244397771;2.852370689;2.745800118;4.427929233;1.751533501;2.105866365;1.224529048;-3.771868203;4.416034751;5.752082766;
Mexico;MEX;GDP growth (annual %);NY.GDP.MKTP.KD.ZG;5.163925168;2.753554247;4.942453715;-0.404390127;-0.039844481;1.446382684;3.92059081;2.307807066;4.495077894;2.291445714;1.143584587;-5.285744137;5.118118143;3.66300793;3.642322679;1.354091962;2.849773255;3.293151528;2.630532425;2.113129135;2.194994725;-0.199047772;-7.98791234;4.720565298;3.06238019;
Marshall Islands;MHL;GDP growth (annual %);NY.GDP.MKTP.KD.ZG;-0.81939372;-1.25514282;1.354079109;6.826085172;3.741452132;-1.615875909;1.32748144;1.773007157;0.202496714;3.392015077;-7.646424121;3.673315705;5.421623829;-0.30723955;-1.2927116;3.679684139;-1.119928582;2.111108569;2.016095319;3.410419703;4.194018756;10.83921368;-1.841596424;1.114795058;1.499997063;
Middle income;MIC;GDP growth (annual %);NY.GDP.MKTP.KD.ZG;2.598354828;3.828514104;5.883178839;3.753976979;4.772947725;6.040001486;7.702599141;7.294816164;8.237140943;8.91214267;5.903737041;3.201957546;7.950223538;6.378772321;5.556801723;5.42874511;4.933085727;4.477326995;4.597403471;5.199659422;4.909223951;4.000397397;-1.174367297;7.193313287;3.517315725;
North Macedonia;MKD;GDP growth (annual %);NY.GDP.MKTP.KD.ZG;3.378735647;4.339027913;4.549135783;-3.067256625;1.493665472;2.222601657;4.67408958;4.724088642;5.137025162;6.473486858;5.47200139;-0.358614857;3.358750858;2.339886045;-0.456183224;2.925257665;3.629123513;3.85586514;2.848205194;1.081772738;2.88059671;3.910419538;-6.110886711;5.506016461;2.146656473;
Mali;MLI;GDP growth (annual %);NY.GDP.MKTP.KD.ZG;7.57166764;5.700943654;-0.060834972;15.37623946;3.106308252;9.119041995;1.559998661;6.534778775;4.662186878;3.493616813;4.773145081;4.806322267;5.313935279;3.21313378;-0.836734632;2.29506829;7.084683881;6.171800024;5.852299199;5.305456084;4.746484327;4.756160808;-1.235450447;3.052613569;3.687484098;
Malta;MLT;GDP growth (annual %);NY.GDP.MKTP.KD.ZG;5.125601231;4.719974882;19.68179092;-1.174796479;2.565047048;4.074569852;0.139599084;3.383299657;2.510491947;4.775347325;3.825591401;-1.133105988;5.543569377;0.466127625;4.118660982;5.473057917;7.633119335;9.608131222;3.381115768;10.92532923;6.140227303;7.00882545;-8.612490551;11.80590307;6.851011256;
Myanmar;MMR;GDP growth (annual %);NY.GDP.MKTP.KD.ZG;5.761847221;8.478034119;12.41819164;12.46773004;11.70304562;12.98632489;13.69528734;13.56694201;13.30686931;12.50048629;11.07426765;10.4098444;10.06928609;7.520057227;6.485754004;7.898669478;8.19966375;3.277279417;10.50778078;5.7500645;6.404977325;6.750460146;3.1737744;-17.9129448;3.002678341;
Middle East & North Africa (excluding high income);MNA;GDP growth (annual %);NY.GDP.MKTP.KD.ZG;6.745374024;4.597235495;6.06694287;2.770145306;3.130622754;2.297266969;7.754385829;4.514565801;5.173899126;6.092732579;3.723064021;2.613570001;5.240260392;-1.010206281;3.682811399;0.446847951;1.759717837;0.740791611;5.342988605;3.124514295;1.680642931;1.023238977;-3.258941481;4.349854026;3.873908034;
Montenegro;MNE;GDP growth (annual %);NY.GDP.MKTP.KD.ZG;4.900005846;-9.399998124;3.100000059;1.099838709;1.903936733;2.482659229;4.426050717;4.180604509;8.56641803;6.810150125;7.222752592;-5.795096995;2.734331082;3.228451021;-2.723790771;3.548979912;1.783698581;3.390381397;2.949280321;4.716465276;5.077888811;4.062944992;-15.30689376;13.04346425;6.093776357;
Mongolia;MNG;GDP growth (annual %);NY.GDP.MKTP.KD.ZG;3.339936599;3.070369011;1.146062137;2.952710543;4.732978466;7.004634574;10.62540596;7.253665441;8.55623481;10.24801636;8.900367947;-1.268598941;6.365161685;17.29077758;12.31981985;11.64891619;7.885225481;2.379835807;1.489784485;5.63687639;7.74488062;5.602244219;-4.557751973;1.636769576;4.845908203;
Northern Mariana Islands;MNP;GDP growth (annual %);NY.GDP.MKTP.KD.ZG;;;;;;0.343170899;-3.077975376;-12.70289344;-6.871463217;-6.684027778;-11.06976744;-17.57322176;1.395939086;-7.384230288;0.810810811;2.680965147;4.177545692;3.383458647;29.21212121;23.17073171;-19.26884996;-11.32075472;-29.68085106;;;
Mozambique;MOZ;GDP growth (annual %);NY.GDP.MKTP.KD.ZG;9.931251949;11.69852372;1.180300789;12.0868744;9.291051885;6.878532872;7.916407836;6.645908281;9.694374092;7.729746242;7.317755324;6.318197232;6.502353115;7.417384316;7.258439253;6.963607135;7.398512797;6.72327878;3.824214319;3.741317593;3.443813083;2.314442594;-1.198548272;2.327523625;4.148414532;
Mauritania;MRT;GDP growth (annual %);NY.GDP.MKTP.KD.ZG;2.777804784;3.673178323;-3.918025879;-0.799493816;1.381483962;6.928269551;4.732757925;8.566287249;18.33319876;-1.969422752;-0.331079195;0.097875872;2.620229521;4.172783283;4.470013182;4.150813186;4.274823271;5.376339237;1.260909224;6.270545694;4.772173639;5.296637357;-0.938516151;2.445368273;5.199999994;
Mauritius;MUS;GDP growth (annual %);NY.GDP.MKTP.KD.ZG;6.071940178;2.610932344;8.202791749;3.347540727;1.614918659;5.925445489;4.330019855;1.77754302;4.865544608;5.72701616;5.386962542;3.315076998;4.377203223;4.077538066;3.496118365;3.3604061;3.82696982;3.690556904;3.862468263;3.937983806;4.006740572;2.891284993;-14.597398;3.3993801;8.690735124;
Malawi;MWI;GDP growth (annual %);NY.GDP.MKTP.KD.ZG;3.895253506;3.042278136;1.576077624;-4.974963617;1.700000029;5.705639407;5.420497549;3.268726021;4.699999765;9.599999876;7.639736399;8.328109852;6.874065854;4.932669998;1.900000001;5.410349999;5.62527;2.800000001;2.499999999;4;4.391688296;5.448181336;0.799998331;2.751402609;0.92343629;
Malaysia;MYS;GDP growth (annual %);NY.GDP.MKTP.KD.ZG;-7.359415188;6.137612011;8.85886817;0.517675319;5.390988307;5.788499286;6.783437724;5.332139161;5.584847067;6.298785927;4.831769889;-1.513528716;7.424847383;5.293912834;5.473454193;4.693722526;6.006721946;5.091532422;4.449781398;5.81272241;4.843086976;4.413187421;-5.534435297;3.092162616;8.694343203;
North America;NAC;GDP growth (annual %);NY.GDP.MKTP.KD.ZG;4.43585904;4.822240115;4.164393782;1.022325262;1.798292194;2.717410581;3.7915129;3.460550832;2.772466237;2.015908184;0.190061547;-2.626925676;2.736402507;1.673220819;2.236164023;1.879791747;2.332052952;2.541510234;1.61424654;2.304819564;2.930989761;2.261827456;-2.949960689;5.872981633;2.163380112;
Namibia;NAM;GDP growth (annual %);NY.GDP.MKTP.KD.ZG;3.291585621;3.369278424;3.492183364;1.177948695;4.788661219;4.239794296;12.2695481;2.529262658;7.073175318;5.374044152;2.649812038;0.295970914;6.03924948;5.091338139;5.06168207;5.614719623;6.09251916;4.264174538;0.03379445;-1.027250827;1.059943471;-0.839154686;-8.10140078;3.524657983;4.560293968;
New Caledonia;NCL;GDP growth (annual %);NY.GDP.MKTP.KD.ZG;-3.200275527;0.900172519;2.100108827;;;;;;;;;;;;;;;;;;4;-1.4;-2.4;-2.1;;
Niger;NER;GDP growth (annual %);NY.GDP.MKTP.KD.ZG;9.972614956;-0.219562518;-1.208477741;7.268134902;4.918470576;2.170610384;0.363801579;7.331868843;5.931049974;3.142724084;7.731414228;1.962600907;8.578166743;2.357756936;10.54894458;5.315130634;6.642136655;4.392648832;5.740893151;5.001359945;7.210803008;5.941396863;3.550227506;1.387129177;11.50000492;
Nigeria;NGA;GDP growth (annual %);NY.GDP.MKTP.KD.ZG;2.581254103;0.584126895;5.015934757;5.917684652;15.32915574;7.34719497;9.250558228;6.438516525;6.059428031;6.591130361;6.764472778;8.036925102;8.005655915;5.307924204;4.230061175;6.671335393;6.309718656;2.652693295;-1.61686895;0.80588662;1.922757342;2.208429277;-1.794253082;3.647186541;3.251681408;
Nicaragua;NIC;GDP growth (annual %);NY.GDP.MKTP.KD.ZG;3.711681465;7.035970468;4.101590236;2.960843427;0.753938858;2.520732892;5.312170612;4.282398363;4.153199566;5.076701701;3.436373829;-3.293563847;4.410481398;6.317476383;6.495979229;4.926792269;4.78581617;4.792056766;4.56233983;4.631409716;-3.363186539;-2.896488078;-1.766258452;10.34689762;3.751102566;
Netherlands;NLD;GDP growth (annual %);NY.GDP.MKTP.KD.ZG;4.66391716;5.034048152;4.195642498;2.326955087;0.217273595;0.155645898;1.984945714;2.050876108;3.460988954;3.772842521;2.170324851;-3.666883937;1.342739336;1.551189312;-1.030353991;-0.130175288;1.423395395;1.959169721;2.191713719;2.910902513;2.360915095;1.955588416;-3.886083918;4.863219149;4.478240001;
Norway;NOR;GDP growth (annual %);NY.GDP.MKTP.KD.ZG;2.668686623;2.072047171;3.318945671;2.067130461;1.377557001;0.944909391;4.014626981;2.685084425;2.461509614;2.914003345;0.481919541;-1.940364695;0.787051845;1.105656027;2.717959267;1.016190824;2.048131999;1.857339726;1.164724235;2.463746285;0.828931484;1.123746964;-1.278171785;3.898399067;3.280557654;
Nepal;NPL;GDP growth (annual %);NY.GDP.MKTP.KD.ZG;3.016389475;4.41257328;6.199999982;4.799892143;0.120143177;3.945037761;4.682603252;3.479181048;3.364614781;3.41156028;6.104639144;4.533078725;4.816414647;3.421808701;4.670141923;3.525153174;6.011482841;3.976053274;0.433113718;8.977279354;7.622376108;6.657055428;-2.369620627;4.838149613;5.613193165;
Nauru;NRU;GDP growth (annual %);NY.GDP.MKTP.KD.ZG;;;;;;;;-7.843137255;-8.510638298;-6.976744186;65;-6.060606061;-1.612903226;9.836065574;31.34328358;4.545454545;15.2173913;-5.660377358;8;-6.481481481;7.920792079;8.256880734;4.237288136;3.25203252;2.362204724;
New Zealand;NZL;GDP growth (annual %);NY.GDP.MKTP.KD.ZG;0.859093008;5.375364566;2.871343257;3.410881442;4.713962642;4.728476454;4.088956923;3.353315797;2.798463492;3.065117831;-1.210711596;-0.11206763;1.466751165;2.221579823;2.273031482;2.764920987;3.810836838;3.736430715;3.801758048;3.524413249;3.5251832;2.445983155;-0.653921432;5.167847359;2.156979776;
OECD members;OED;GDP growth (annual %);NY.GDP.MKTP.KD.ZG;2.990351526;3.425876102;4.075752967;1.391815179;1.54589535;2.04064078;3.269874992;2.821436003;3.000802158;2.600360136;0.396310033;-3.371525609;2.986061025;1.868776828;1.386650904;1.51835929;2.093055498;2.433268269;1.828506433;2.494858907;2.358173225;1.730625039;-4.213419536;5.473544738;2.776450908;
Oman;OMN;GDP growth (annual %);NY.GDP.MKTP.KD.ZG;2.642338032;0.33149557;6.551066885;4.482802531;-1.100905293;-2.668591109;1.292205681;2.490221143;5.371888874;4.452683565;8.200078158;6.112395608;1.713985311;2.894609735;8.863122256;5.227704081;1.292252294;5.017057997;5.046423946;0.304057566;1.287103915;-1.128711062;-3.3797144;3.092276687;4.311253509;
Other small states;OSS;GDP growth (annual %);NY.GDP.MKTP.KD.ZG;;;;4.112963385;4.532513384;4.49250466;9.023832432;5.749710445;10.84162241;9.848735838;7.311396766;1.573148479;8.712679377;7.560668261;3.403209312;3.673816031;3.851111486;3.127875315;2.98173198;1.323932626;2.210753164;2.186157451;-4.859109912;3.976229815;4.389591296;
Pakistan;PAK;GDP growth (annual %);NY.GDP.MKTP.KD.ZG;2.550234295;3.660132743;4.260088012;3.554418216;2.508337724;5.777033992;7.546860015;6.518778074;5.898984442;4.832817277;1.701405466;2.831658519;1.606688629;2.748405917;3.50703342;4.396456634;4.674707982;4.731147475;5.526735845;4.432625907;6.151702611;2.497636929;-1.274087443;6.487086774;6.188155474;
Panama;PAN;GDP growth (annual %);NY.GDP.MKTP.KD.ZG;7.341500703;3.917206589;2.715374155;0.574272791;2.229149417;4.205495945;7.522079658;7.191279402;8.652465611;11.98398539;9.855654852;1.242992318;5.827993494;11.31362591;9.778490071;6.903948051;5.066422355;5.733054296;4.953211423;5.591148876;3.685429938;3.281874934;-17.66833271;15.83576496;10.8093662;
Peru;PER;GDP growth (annual %);NY.GDP.MKTP.KD.ZG;-0.391537556;1.494910643;2.694371398;0.617892326;5.453528938;4.165023137;4.958203206;6.285060325;7.528899044;8.518387769;9.126568301;1.095823659;8.332459107;6.327192402;6.139724706;5.852518211;2.382157372;3.252244772;3.953318715;2.518835442;3.969351341;2.240631769;-10.86964078;13.41753029;2.683871435;
Philippines;PHL;GDP growth (annual %);NY.GDP.MKTP.KD.ZG;-0.5140906;3.346451184;4.382504833;3.04923151;3.716255002;5.086911135;6.569228512;4.942505119;5.316416821;6.51929155;4.344487305;1.448323063;7.33449996;3.858232828;6.896951711;6.750531301;6.347987483;6.348309717;7.14945675;6.930988326;6.341485572;6.118525662;-9.51829474;5.714733132;7.570332488;
Palau;PLW;GDP growth (annual %);NY.GDP.MKTP.KD.ZG;;;;6.440106949;3.5793918;-3.263383214;4.856030279;3.959863679;-0.405643641;2.021141709;-5.781911421;-6.590472605;0.216093492;6.683667538;1.67259734;-3.387309936;6.293865865;7.539063225;-0.083373224;-4.078810923;0.108108108;0.395968323;-9.107206884;-13.33333333;;
Papua New Guinea;PNG;GDP growth (annual %);NY.GDP.MKTP.KD.ZG;-3.769113218;1.855553994;-2.494841993;-0.121288606;-0.158900533;2.164102502;2.721175741;6.344795923;5.409944091;7.815189229;-0.296457846;6.800421483;10.12845407;1.107543626;4.657119597;3.824946328;13.54377062;6.578356323;5.489573153;3.534610818;-0.279252285;4.480430622;-3.167381176;0.1;4.599999979;
Poland;POL;GDP growth (annual %);NY.GDP.MKTP.KD.ZG;4.640514962;4.654891852;4.56098541;1.258569461;2.035863041;3.498391213;4.98284457;3.506834614;6.131136459;7.061534634;4.199981264;2.832184053;2.934638181;5.042187883;1.545221571;0.856557081;3.836958494;4.383298635;2.953508842;5.140017574;5.945208477;4.450036364;-2.020116215;6.847760739;4.874023579;
Pre-demographic dividend;PRE;GDP growth (annual %);NY.GDP.MKTP.KD.ZG;6.809763923;4.211267447;5.495913356;4.540253523;5.688305992;-0.488119992;11.69494529;5.940629849;6.221854977;6.034247425;6.272347036;4.637270193;6.471512699;4.023014526;3.525815846;5.809295629;5.083114915;3.211040336;2.421940463;1.586009721;2.46462964;3.197618455;-2.514588192;2.997448632;3.999197091;
Puerto Rico;PRI;GDP growth (annual %);NY.GDP.MKTP.KD.ZG;5.530725612;5.389699928;3.271964529;6.313471555;0.916459384;0.053419805;8.748676927;-1.986938733;-1.409414024;-1.16280669;-1.84413425;-1.952425142;-0.413254118;-0.358510628;0.02927511;-0.306826657;-1.190363454;-1.049443651;-1.263002925;-2.885954759;-4.360606061;1.675063105;-4.202806719;0.432646954;3.360972555;
Korea; Dem. People's Rep.;PRK;GDP growth (annual %);;;;;;;;;;;;;;;;;;;;;;;;;;
Portugal;PRT;GDP growth (annual %);NY.GDP.MKTP.KD.ZG;4.807962976;3.90657744;3.816178063;1.943672296;0.770924024;-0.930521193;1.788735682;0.781848216;1.625034176;2.506579646;0.319247925;-3.12207942;1.737625476;-1.696164781;-4.057293608;-0.922644675;0.792190302;1.792046046;2.019485396;3.506345285;2.849325934;2.682759921;-8.300516042;5.502757475;6.685751184;
Paraguay;PRY;GDP growth (annual %);NY.GDP.MKTP.KD.ZG;0.068037756;-1.366079712;-2.314140568;-0.834054717;-0.021404395;4.320745486;4.057418364;2.133490665;4.807117193;5.421622872;6.49629212;-0.261137328;11.09523127;4.286371207;-0.708043112;8.293076489;5.301238592;2.957151735;4.268025833;4.810078856;3.204250341;-0.401855101;-0.819785391;4.016737318;0.075439465;
West Bank and Gaza;PSE;GDP growth (annual %);NY.GDP.MKTP.KD.ZG;14.33420348;8.280429404;-8.556183291;-9.310638168;-12.48919176;14.01586549;21.92523949;11.29065118;-0.996556103;3.788281521;7.429182255;8.593490879;5.777362056;9.600808489;6.096456563;4.698569866;-0.157866651;3.721299671;8.86461882;1.419367563;1.227077378;1.362687466;-11.31846611;7.011982276;3.93297696;
Pacific island small states;PSS;GDP growth (annual %);NY.GDP.MKTP.KD.ZG;1.618059708;4.952098968;-1.659008185;1.101989598;2.129997846;2.080910924;4.097706206;2.519736702;2.2441703;0.391305979;2.155183484;-0.562103433;3.715999311;3.847544196;1.059049154;3.147816921;3.617739022;3.576382814;3.648137518;3.989623414;2.829187508;1.012540769;-10.28050436;-3.568096596;6.359047208;
Post-demographic dividend;PST;GDP growth (annual %);NY.GDP.MKTP.KD.ZG;2.823541192;3.527241892;4.022906017;1.502143031;1.527537116;2.017800805;3.205110143;2.762866924;2.903934543;2.540816512;0.363657486;-3.393766061;2.927164678;1.655287413;1.249522732;1.399515217;1.91542231;2.136790582;1.749352286;2.363228361;2.259667856;1.690427251;-4.420089838;5.218118033;2.414319529;
French Polynesia;PYF;GDP growth (annual %);NY.GDP.MKTP.KD.ZG;1.7333744;1.890532787;3.245411013;-0.341595578;0.846181483;2.126928849;0.97125913;0.309973476;0.889584118;1.704975638;0.006767551;-4.231391831;-2.46606419;-2.961957454;-0.927537713;0.398801414;0.593554453;1.803340815;2.302198237;4.292633631;1.737094719;2.690422798;-6.999991348;2.399988092;;
Qatar;QAT;GDP growth (annual %);NY.GDP.MKTP.KD.ZG;;;;3.898186662;7.18215168;3.719958677;19.21891534;7.492758483;26.17024567;17.98565682;17.66355636;11.95656113;19.59233153;13.37517641;4.730011844;5.556040643;5.334323292;4.753345724;3.064191884;-1.497604702;1.234872202;0.774808388;-3.640449805;1.590998164;4.827689101;
Romania;ROU;GDP growth (annual %);NY.GDP.MKTP.KD.ZG;-2.029812906;-0.376660706;2.461263459;5.218136257;5.70299165;2.341147329;10.42811302;4.668148051;8.028811076;7.233807744;9.307467171;-5.517394408;-3.90123628;4.517086964;1.924993262;0.269963879;4.120674963;3.16050387;2.857546057;8.196506503;6.029019041;3.853163833;-3.677510791;5.793254517;4.792190351;
Russian Federation;RUS;GDP growth (annual %);NY.GDP.MKTP.KD.ZG;-5.299961625;6.39991469;10.00006682;5.100051225;4.699991909;7.299952345;7.19994787;6.399965448;8.200068255;8.499977768;5.199969265;-7.799993913;4.5;4.300029186;4.024086157;1.755422149;0.736267221;-1.972719226;0.193690072;1.825790064;2.80724541;2.198075714;-2.653654501;5.614290376;-2.069711525;
Rwanda;RWA;GDP growth (annual %);NY.GDP.MKTP.KD.ZG;8.858669491;4.351888326;8.370920039;8.484543671;13.19206613;2.202398966;7.447685402;9.377898318;9.227069964;7.633280267;11.16126132;6.248262042;7.334648333;7.958376403;8.641517545;4.719855388;6.167163146;8.85684723;5.97075689;3.936611132;8.539836454;9.46402534;-3.373986332;10.87673379;8.157487721;
South Asia;SAS;GDP growth (annual %);NY.GDP.MKTP.KD.ZG;5.490781275;7.57189693;4.110306465;4.436097766;3.602393529;7.25192972;7.507388574;7.517550772;7.6259247;7.233029808;3.264102123;6.92824917;7.468773957;5.110243931;5.467978598;6.033785551;6.938621363;7.336072152;7.68224076;6.527009336;6.334238373;3.940144628;-4.661486412;8.267933073;6.470528617;
Saudi Arabia;SAU;GDP growth (annual %);NY.GDP.MKTP.KD.ZG;2.893362521;-3.763285218;5.625416146;-1.210743868;-2.819174403;11.24206139;7.958441666;5.573850122;2.788402224;1.847130255;6.249772752;-2.059249189;5.039492888;10.99376163;5.427394266;2.850342991;4.027651215;4.690145073;2.363074579;-0.069698016;2.762243738;0.832280327;-4.341387678;3.921724119;8.744153628;
Sudan;SDN;GDP growth (annual %);NY.GDP.MKTP.KD.ZG;4.308504255;3.104095615;6.34586744;6.500360534;6.006471536;6.288808161;5.140888518;5.643515513;6.531411747;5.735274237;3.846744731;-2.767704366;3.858241952;-3.213532093;-17.0046884;1.955144633;4.661379542;1.910176891;3.467642184;0.709256285;-2.68093055;-2.178251045;-3.629800824;-1.868520483;-0.95340703;
Senegal;SEN;GDP growth (annual %);NY.GDP.MKTP.KD.ZG;5.898479318;6.28330825;3.887210958;4.310851466;0.068696575;5.593950945;4.643293937;4.310238526;2.330770983;2.827119201;3.703169064;2.752104485;3.390889253;1.33409108;4.002995551;2.412385276;6.224074438;6.367043651;6.356068572;7.407486186;6.209241034;4.613628097;1.342073773;6.539673726;4.153856494;
Singapore;SGP;GDP growth (annual %);NY.GDP.MKTP.KD.ZG;-2.191015006;5.718371757;9.038316326;-1.070862751;3.923360767;4.548255426;9.939982684;7.366322393;9.006766079;9.021519513;1.863483455;0.127953383;14.51974971;6.214934169;4.435497594;4.817630991;3.935540277;2.976799316;3.601656039;4.544728218;3.57543271;1.331261327;-3.901053402;8.882353997;3.646972071;
Solomon Islands;SLB;GDP growth (annual %);NY.GDP.MKTP.KD.ZG;1.291512249;-0.485730728;-14.27699959;-7.9566061;-2.799982885;6.523466851;7.683299966;7.357841934;4.138280318;3.639672429;6.225969544;2.864267902;9.708388169;7.429949617;2.471878416;5.231704519;1.189217471;1.676146156;5.554731534;3.075348034;2.745995423;1.749514287;-3.381116048;-0.569742893;-4.062439403;
Sierra Leone;SLE;GDP growth (annual %);NY.GDP.MKTP.KD.ZG;1.785012795;-1.979286874;6.652729659;-6.345455403;26.52413489;9.483631486;6.478846016;4.35349995;4.283110445;7.976565334;5.435893044;3.209431562;6.637492458;6.009831046;15.20174827;21.07901416;4.559253533;-20.49107411;6.346727852;3.753803214;3.47290262;5.253746313;-1.968486891;4.104700089;3.500741707;
El Salvador;SLV;GDP growth (annual %);NY.GDP.MKTP.KD.ZG;2.6522773;2.162033737;1.127906977;0.87961366;1.572918448;1.565393031;0.889404486;2.705463505;4.34834997;1.858478241;2.130553361;-2.086107723;2.107887873;3.806881134;2.822623718;2.235624392;1.708706284;2.400000089;2.539062411;2.247619081;2.412444224;2.455645599;-7.878383783;11.17802031;2.600239918;
San Marino;SMR;GDP growth (annual %);NY.GDP.MKTP.KD.ZG;7.465618861;9.049360146;2.179379715;5.578342904;0.310800311;3.872966692;4.548844146;2.42510699;3.830083565;7.109322602;-0.500939261;-10.32095658;-5.473684211;-8.314773571;-7.044534413;-0.783972125;-0.7023705;2.291505561;2.344405861;0.258265466;1.493905318;2.065685147;-6.647910818;8.463071845;;
Somalia;SOM;GDP growth (annual %);NY.GDP.MKTP.KD.ZG;;;;;;;;;;;;;;;;;7.794200253;15.04994147;8.53229304;2.349582763;7.530969253;7.456521543;2.489374346;4.049110488;4.798778989;
Serbia;SRB;GDP growth (annual %);NY.GDP.MKTP.KD.ZG;3.340877358;-9.424161606;6.13181309;6.878774765;6.380405304;4.387757023;9.028196928;5.530347121;5.107790141;6.439525554;5.655576622;-2.731751989;0.731044553;2.036276689;-0.681542369;2.892636734;-1.58951032;1.806059265;3.338586765;2.101163847;4.495121293;4.331734906;-0.903218502;7.549912535;2.251448565;
Sub-Saharan Africa (excluding high income);SSA;GDP growth (annual %);NY.GDP.MKTP.KD.ZG;2.485104133;2.166141168;3.501594846;4.258227472;6.306102376;4.115464423;6.557872477;5.989109097;6.05501289;6.133484068;5.141842986;3.004324396;5.936985368;4.198830906;2.714942552;5.065791095;4.864413952;2.871362063;1.270045452;2.441942285;2.646952815;2.589891846;-1.99856625;4.172493565;3.563360697;
South Sudan;SSD;GDP growth (annual %);NY.GDP.MKTP.KD.ZG;;;;;;;;;;;;5.04164188;5.493416395;-4.640316736;-46.08212237;13.12973114;3.373648477;-10.79336463;;;;;;;;
Sub-Saharan Africa;SSF;GDP growth (annual %);NY.GDP.MKTP.KD.ZG;2.48508328;2.165793976;3.50247947;4.250507735;6.300458321;4.104910653;6.548898494;5.991732651;6.058010199;6.136014531;5.134396307;2.999598103;5.935816928;4.203106289;2.715277348;5.062553647;4.863760373;2.872433888;1.273191586;2.442233487;2.647860495;2.591865886;-2.004434518;4.173503227;3.567718709;
Small states;SST;GDP growth (annual %);NY.GDP.MKTP.KD.ZG;;;;3.517898987;4.235973474;4.693061953;7.660757038;5.164084202;9.685957007;8.168052927;5.889092884;0.482519731;7.147876176;6.27675703;3.317710195;3.273986164;3.551510061;2.650339177;2.206257421;1.081314728;2.076915387;1.950026383;-5.636224472;4.092011055;5.660733946;
Sao Tome and Principe;STP;GDP growth (annual %);NY.GDP.MKTP.KD.ZG;;;;;3.360188168;8.291519461;3.537905944;6.61462475;8.866109359;3.641471852;6.22878507;2.426282361;6.671983657;4.398202015;3.14197646;4.814792654;6.549934955;3.911337989;4.164768974;3.848980918;2.945268909;2.210855833;3.024568211;1.877922502;0.927137395;
Suriname;SUR;GDP growth (annual %);NY.GDP.MKTP.KD.ZG;2.300001651;-1.40000047;2.099998868;4.200000421;2.800000689;6.299999433;8.500000185;4.500000211;5.793543585;5.111487778;4.143406812;3.013698983;5.168825152;5.849367672;2.690349747;2.933441652;0.255503032;-3.411096013;-4.915786469;1.567191065;4.948270766;1.168797882;-15.97519639;-2.729618827;1.88771872;
Slovak Republic;SVK;GDP growth (annual %);NY.GDP.MKTP.KD.ZG;4.076097479;-0.105914962;1.166526518;3.253783981;4.509444138;5.499083077;5.278880718;6.623461259;8.493176745;10.83202881;5.574886345;-5.455532867;6.71663275;2.671452779;1.318802246;0.632740007;2.697189807;5.167181606;1.943950861;2.938068678;4.030389714;2.509723144;-3.336244672;4.863263766;1.66870294;
Slovenia;SVN;GDP growth (annual %);NY.GDP.MKTP.KD.ZG;3.279365444;5.332666572;3.67237155;3.216560335;3.505598057;2.960260286;4.359192778;3.797972642;5.746396901;6.980160755;3.509841517;-7.548437791;1.343748472;0.861327733;-2.639438757;-1.029282772;2.768158831;2.210081607;3.191852518;4.815380632;4.454365747;3.451079244;-4.321369905;8.211062592;5.374552654;
Sweden;SWE;GDP growth (annual %);NY.GDP.MKTP.KD.ZG;4.311836353;4.247184144;4.766348871;1.449498618;2.196921062;2.30981059;4.336856154;2.85880324;4.662773552;3.439221776;-0.450559257;-4.339790575;5.952107008;3.195333235;-0.588304569;1.187775716;2.657798275;4.489281588;2.070593151;2.567924525;1.950022846;1.986195874;-2.170213179;5.385840184;2.64221674;
Eswatini;SWZ;GDP growth (annual %);NY.GDP.MKTP.KD.ZG;2.604039401;2.950875211;1.76017376;1.054764906;4.380099088;3.880213586;3.623914226;5.99877655;5.992166838;4.435375577;0.821663914;1.565048852;3.793754968;2.247229761;5.396630697;3.861213798;0.923230547;2.227480675;1.062610193;2.026578156;2.380095476;2.692168293;-1.55964259;7.883306402;3.914540977;
Sint Maarten (Dutch part);SXM;GDP growth (annual %);NY.GDP.MKTP.KD.ZG;;;;;;;;;;;;;3.199994022;4.600002996;1.39054667;1.306727883;1.580384638;0.4;0.500001937;-5.800003254;-6.599997737;8.8;-16.5;7.3;9.7;
Seychelles;SYC;GDP growth (annual %);NY.GDP.MKTP.KD.ZG;2.467440935;1.872005109;4.253198349;-2.271162886;1.212832903;-5.887128488;-2.850453977;9.005761737;9.406128557;8.876066456;-2.725946262;-2.479375947;4.505132043;9.509783352;3.110678494;1.253734962;4.063691812;4.194586924;5.104826829;2.783944751;3.709434312;4.876946199;-8.649206455;5.4;8.800000173;
Syrian Arab Republic;SYR;GDP growth (annual %);NY.GDP.MKTP.KD.ZG;6.785304524;-3.553449871;0.675642589;1.047287102;3.954831927;7.204435053;6.902959435;6.215077835;5.046195556;5.674591777;4.476672736;5.912042793;5.191905841;2.850002844;-26.33901708;-26.30008766;-10.31033991;-4.179791613;-6.405590739;-0.723281777;1.393176078;1.220705221;-3.873681686;;;
Turks and Caicos Islands;TCA;GDP growth (annual %);NY.GDP.MKTP.KD.ZG;;;;;;;;;;;;;;;-0.972299355;1.070877013;8.711296582;11.31483413;7.25118055;-2.490218992;5.610956374;5.324551483;-26.78287693;8.974508492;-0.499484665;
Chad;TCD;GDP growth (annual %);NY.GDP.MKTP.KD.ZG;6.951579914;-0.682850217;-0.879681025;11.65813465;8.491209819;14.72166701;33.62937185;17.33253374;0.648262014;3.271499579;3.052691532;4.217695552;13.55010086;0.082869798;8.882576072;5.700001363;6.899985045;2.767675685;-6.255527085;-2.988695986;2.3740378;3.247181917;-1.600006737;-1.199990525;2.235979675;
East Asia & Pacific (IDA & IBRD countries);TEA;GDP growth (annual %);NY.GDP.MKTP.KD.ZG;2.89574337;6.382065499;7.635911394;6.984843601;8.059859433;8.942118149;9.122918228;9.977678879;11.07937447;12.48836235;8.6198483;7.984715867;9.923095211;8.651128263;7.576050115;7.296374617;6.984991402;6.688999059;6.586313087;6.705253192;6.525444959;5.782907819;1.299924814;7.548554523;3.4111978;
Europe & Central Asia (IDA & IBRD countries);TEC;GDP growth (annual %);NY.GDP.MKTP.KD.ZG;-0.647638464;2.465173864;7.399050918;2.592933161;5.012031528;6.181222157;7.868179609;6.643318477;7.850106157;7.624537563;4.455828838;-4.670816134;4.632731161;5.926442037;3.455023311;3.384055817;2.338160574;1.48668376;1.848946781;4.292105956;3.678386462;2.646189433;-1.555061497;7.339646904;1.606188714;
Togo;TGO;GDP growth (annual %);NY.GDP.MKTP.KD.ZG;-2.299876568;2.481751436;-0.783479606;0.823438749;3.82662258;6.720171423;-0.978665335;-4.666299382;2.6501321;-1.175120391;4.062252827;5.537910973;6.099259163;6.398199053;6.543507029;6.112343077;5.920588573;5.742868453;5.559079305;4.347748238;5.138472308;4.922925917;1.975742919;5.991572047;5.810539956;
Thailand;THA;GDP growth (annual %);NY.GDP.MKTP.KD.ZG;-7.634035286;4.572307751;4.455247043;3.44424901;6.149036052;7.189243303;6.289342143;4.187638429;4.967810892;5.435151691;1.725698849;-0.690618232;7.513390533;0.840132083;7.242796202;2.687495563;0.984468864;3.134047249;3.435157717;4.177681032;4.222870287;2.114557796;-6.066925969;1.492095235;2.594733433;
Tajikistan;TJK;GDP growth (annual %);NY.GDP.MKTP.KD.ZG;5.312867659;3.699550717;8.324324495;9.580836178;10.80000376;10.99999908;10.29999894;6.699998517;7.000003211;7.800000119;7.899998272;3.900001148;6.499999086;7.4000006;7.499999463;7.399999747;6.70000069;6.019303318;6.9;7.1;7.6;7.4;4.4;9.4;8;
Turkmenistan;TKM;GDP growth (annual %);NY.GDP.MKTP.KD.ZG;7.100000344;16.4999995;5.469064133;4.343845714;0.257179925;3.26882856;5.000407438;13.03403487;10.97330833;11.05929947;14.7;6.100000115;9.199999988;14.69999993;11.09999996;10.2000001;10.29999997;6.49999991;6.199999966;6.500000047;6.199999941;6.300000042;-3.4;;;
Latin America & the Caribbean (IDA & IBRD countries);TLA;GDP growth (annual %);NY.GDP.MKTP.KD.ZG;2.61765681;0.395772681;3.525944961;0.257806096;0.487231297;2.630697117;5.508213586;4.114124816;5.164358823;5.471041781;3.912889009;-2.020377988;6.734134249;4.632614429;2.649101957;2.959502296;1.457893221;0.479727353;-0.157791208;1.982485589;1.733669098;0.736702854;-6.350005219;6.932378468;3.73089283;
Timor-Leste;TLS;GDP growth (annual %);NY.GDP.MKTP.KD.ZG;;;;16.34769215;-6.700689516;-2.182272285;0.400002624;2.987650538;-4.119405421;10.26241984;11.39054225;10.1443055;9.32942856;5.956047328;4.858598468;3.102884927;4.471960099;2.763219267;3.382977065;-3.057648763;-0.690256533;23.51379251;31.91448862;5.291442152;-17.49119431;
Middle East & North Africa (IDA & IBRD countries);TMN;GDP growth (annual %);NY.GDP.MKTP.KD.ZG;6.676839637;4.5615851;6.203735112;2.867449351;3.241537692;2.226733203;7.659255671;4.463049661;5.223876983;6.110294173;3.695438752;2.56739092;5.235869013;-1.097409035;3.660830129;0.407217372;1.778327458;0.712416873;5.308460698;3.141797002;1.685163324;1.019871154;-3.178707926;4.325339832;3.873350091;
Tonga;TON;GDP growth (annual %);NY.GDP.MKTP.KD.ZG;2.458759103;3.710880967;0.875990063;3.748925693;4.848012814;2.308045494;-2.410700609;0.081033894;-0.148635323;0.271095291;4.750169656;-5.199109037;0.803490183;6.818276144;0.823102718;0.312307909;2.01870046;1.171888256;6.571000501;3.322432544;0.24122796;0.706483434;0.488645323;-2.667506175;;
South Asia (IDA & IBRD);TSA;GDP growth (annual %);NY.GDP.MKTP.KD.ZG;5.490781275;7.57189693;4.110306465;4.436097766;3.602393529;7.25192972;7.507388574;7.517550772;7.6259247;7.233029808;3.264102123;6.92824917;7.468773957;5.110243931;5.467978598;6.033785551;6.938621363;7.336072152;7.68224076;6.527009336;6.334238373;3.940144628;-4.661486412;8.267933073;6.470528617;
Sub-Saharan Africa (IDA & IBRD countries);TSS;GDP growth (annual %);NY.GDP.MKTP.KD.ZG;2.48508328;2.165793976;3.50247947;4.250507735;6.300458321;4.104910653;6.548898494;5.991732651;6.058010199;6.136014531;5.134396307;2.999598103;5.935816928;4.203106289;2.715277348;5.062553647;4.863760373;2.872433888;1.273191586;2.442233487;2.647860495;2.591865886;-2.004434518;4.173503227;3.567718709;
Trinidad and Tobago;TTO;GDP growth (annual %);NY.GDP.MKTP.KD.ZG;8.124563997;8.024817644;6.901359591;4.168523982;7.936709687;14.44098954;7.950051511;6.20893788;13.20805861;4.754209701;3.391737078;-4.391729247;3.32322471;-0.294354409;6.610119746;3.843801322;3.322944401;-0.755621967;-6.764439215;-4.706998863;-0.870967879;0.110394085;-7.678331177;-1.026540155;2.480951736;
Tunisia;TUN;GDP growth (annual %);NY.GDP.MKTP.KD.ZG;4.783762478;6.054634479;4.709972914;3.796271662;1.322557148;4.702399533;6.235790722;3.486545543;5.244099832;6.709520975;4.237781475;3.043450124;2.971132751;-2.046633895;4.216677115;2.429930964;3.090328031;0.967703108;1.117425949;2.23783868;2.624828318;1.588012807;-8.817878767;4.405362003;2.521761449;
Turkiye;TUR;GDP growth (annual %);NY.GDP.MKTP.KD.ZG;2.404150257;-3.263168406;6.933239705;-5.750006555;6.447722047;5.763206067;9.795936389;8.992304936;6.947988086;5.043507932;0.815024573;-4.823153953;8.427104323;11.20011058;4.788492711;8.485816997;4.939715161;6.084486904;3.323084208;7.501997489;2.979885258;0.783610198;1.940032245;11.35349641;5.56586004;
Tuvalu;TUV;GDP growth (annual %);NY.GDP.MKTP.KD.ZG;15.50116613;-1.563870824;-0.970489206;0;9.523809524;-4.347826087;-2.272727273;-4.651162791;2.43902439;7.142857143;6.666666667;-6.25;-2.222222222;6.818181818;-2.127659574;4.347826087;0;10.41666667;5.660377358;2.448477986;1.387250737;13.82198443;-4.274831675;1.804062387;0.677334628;
Tanzania;TZA;GDP growth (annual %);NY.GDP.MKTP.KD.ZG;3.708511596;4.863863755;4.520784635;6.070808288;7.093194984;6.672789829;7.50381466;7.476319258;6.53222139;6.768535202;5.68641686;5.269105248;6.336523427;7.672155435;4.50015356;6.781585601;6.732461868;6.160628774;6.867116196;6.77290597;5.457582904;5.8;1.991964606;4.321384295;4.558027339;
Uganda;UGA;GDP growth (annual %);NY.GDP.MKTP.KD.ZG;4.905265484;8.053948376;3.141907339;5.183661126;8.732685764;6.473258671;6.807233344;6.332565116;10.78474439;8.412425965;8.708751901;6.801517348;5.637611638;9.391655493;3.837455606;3.586905826;5.106307324;5.187859862;4.781000291;3.131405518;6.303923781;6.438745034;2.951306422;3.536580341;4.650133712;
Ukraine;UKR;GDP growth (annual %);NY.GDP.MKTP.KD.ZG;-1.900000002;-0.2;5.9;8.800000004;5.339647207;9.516609864;11.79535253;3.071230392;7.571420763;8.215844452;2.243491596;-15.13646791;4.092004367;5.44528081;0.152314967;0.045439094;-10.07889498;-9.772987213;2.440981945;2.359972281;3.48836234;3.199503864;-3.7528041;3.445625583;-29.1;
Upper middle income;UMC;GDP growth (annual %);NY.GDP.MKTP.KD.ZG;2.139530926;3.528581866;6.344344723;3.596238049;4.71092054;5.936994533;7.988863609;7.648278003;8.731986003;9.489144958;6.456352053;2.780043636;8.330492447;6.898088326;5.92657545;5.57698736;4.732017781;4.33198893;4.269692154;5.224177041;4.952909683;4.13071773;-0.645329946;7.521563448;3.095241392;
Uruguay;URY;GDP growth (annual %);NY.GDP.MKTP.KD.ZG;4.518890097;-1.52094592;-1.929930635;-3.844129959;-7.732007215;0.805283916;5.004160356;7.46013213;4.098577354;6.541510845;7.176144665;4.243494195;7.803409651;5.162133025;3.538178721;4.637538629;3.23879123;0.370741258;1.689798159;1.740376493;0.156000001;0.744431645;-6.262976819;5.276558867;4.921874463;
United States;USA;GDP growth (annual %);NY.GDP.MKTP.KD.ZG;4.481394432;4.794499045;4.077159479;0.954338729;1.695942923;2.796209101;3.852552601;3.48322032;2.782810626;2.010507552;0.122188443;-2.599888351;2.708856694;1.54989495;2.280687603;1.841875395;2.287775933;2.706369582;1.667472076;2.241921216;2.945384831;2.294439078;-2.767802511;5.945484761;2.061593119;
Uzbekistan;UZB;GDP growth (annual %);NY.GDP.MKTP.KD.ZG;4.3;4.300000003;3.834999999;4.16383825;3.973488192;4.232627382;7.449000605;6.950007197;7.451418476;9.473005305;9.029161017;8.050933328;7.597167961;7.525139894;7.102444887;7.29655037;6.873838441;7.218773508;5.9321508;4.395274633;5.879742873;5.981561944;1.995585078;7.403368136;5.668817055;
St. Vincent and the Grenadines;VCT;GDP growth (annual %);NY.GDP.MKTP.KD.ZG;4.090194933;2.710310713;1.639031904;1.74823102;5.342127074;6.691336654;4.114698804;2.488557339;6.996926268;3.322968598;0.404640809;-1.378193606;-4.470467935;-0.606276651;1.169112184;2.462484172;1.145756108;2.785222668;4.149565316;1.548128546;3.175375013;0.662073229;-3.739393087;0.753734825;4.952993284;
Venezuela; RB;VEN;GDP growth (annual %);6.370931401;0.294055161;-5.970458146;3.686944167;3.394236108;-8.855647353;-7.75530005;18.28660669;10.3179138;9.872149109;8.753578808;5.277854124;-3.202302657;-1.488791251;4.176425359;5.625956975;1.343094036;-3.894386475;;;;;;;;
British Virgin Islands;VGB;GDP growth (annual %);NY.GDP.MKTP.KD.ZG;;;;;;;;;;;;;;;;;;;;;;;;;;
Virgin Islands (U.S.);VIR;GDP growth (annual %);NY.GDP.MKTP.KD.ZG;;;;;;-0.396080884;3.285893679;3.485309017;3.504993147;4.010594022;1.218624955;-6.594788859;0.596383224;-8.204245554;-14.8125;-6.285155295;-1.774530271;-0.425079702;1.600853789;-0.735294118;1.904761905;2.777777778;-2.14700682;;;
Viet Nam;VNM;GDP growth (annual %);NY.GDP.MKTP.KD.ZG;5.764455464;4.773586881;6.787316408;6.192893312;6.320820988;6.899063492;7.536410612;7.547247727;6.977954812;7.129504484;5.661771208;5.397897543;6.423238217;6.413177689;5.50454562;5.553500245;6.422246656;6.987166724;6.690009213;6.940187782;7.464991257;7.359281;2.865411946;2.561551142;8.019798458;
Vanuatu;VUT;GDP growth (annual %);NY.GDP.MKTP.KD.ZG;1.176854361;0.337293222;5.924809057;-3.397582489;-5.198318759;4.288335117;3.987392802;5.305326473;8.460697472;2.875892288;5.600991821;3.037303541;1.258867203;3.1398029;1.010047687;0.463390415;3.136867294;0.366522075;4.688756366;6.317305384;2.900230273;3.241187655;-4.992491429;0.648653485;1.848971065;
World;WLD;GDP growth (annual %);NY.GDP.MKTP.KD.ZG;2.820175969;3.553027683;4.515536335;2.009775225;2.304819223;3.111293387;4.47156107;4.004888203;4.421716902;4.381495564;2.070264933;-1.341646209;4.540332948;3.32009326;2.71019097;2.809245978;3.073531301;3.08293693;2.808630961;3.389865405;3.288049781;2.594550083;-3.072225493;6.023812764;3.080321778;
Samoa;WSM;GDP growth (annual %);NY.GDP.MKTP.KD.ZG;2.194889718;2.185434374;5.093044692;7.390129062;5.651959199;5.212628926;3.087260238;6.639203613;2.132127147;0.48598255;3.556104674;-0.541677602;6.124719923;3.849077947;-3.732130209;0.107293276;0.659923769;3.850361817;7.983862878;1.4062824;-0.609647103;4.451858917;-3.108444011;-7.084587997;-6.022011172;
Kosovo;XKX;GDP growth (annual %);NY.GDP.MKTP.KD.ZG;;;;;;;;;;;;5.034883829;4.939924047;6.319886223;1.712195174;5.340908175;3.348804311;5.916270444;5.571756507;4.825690427;3.406631008;4.756830619;-5.340275302;10.74561161;3.511706692;
Yemen; Rep.;YEM;GDP growth (annual %);5.23111204;6.006694599;3.775530496;6.181915593;3.803645872;3.935231505;3.747398185;3.972696401;5.591748076;3.170409359;3.338427956;3.64756947;3.866229516;7.70230704;-12.7148969;2.392990209;4.823519067;-0.188690232;-27.99454625;-9.375123818;-5.071795639;0.752447588;;;;
South Africa;ZAF;GDP growth (annual %);NY.GDP.MKTP.KD.ZG;0.5;2.399999997;4.200000001;2.7;3.700374404;2.949075468;4.554559907;5.277051973;5.603806459;5.360474054;3.191043886;-1.538089135;3.039732881;3.168556279;2.396232385;2.485468008;1.413826452;1.321862237;0.664552308;1.157946952;1.522329387;0.303453235;-6.342471149;4.913096684;2.042299353;
Zambia;ZMB;GDP growth (annual %);NY.GDP.MKTP.KD.ZG;-0.385746146;4.650189746;3.897322943;5.316868274;4.50601428;6.944973982;7.032395115;7.235599007;7.903694445;8.352436244;7.773895815;9.220348406;10.29822332;5.564602337;7.597593211;5.05723174;4.697992363;2.920375112;3.776679146;3.504336096;4.034493897;1.441306026;-2.785055065;4.598734034;4.744942494;
Zimbabwe;ZWE;GDP growth (annual %);NY.GDP.MKTP.KD.ZG;2.885211796;-0.817821033;-3.059189749;1.439615396;-8.894023631;-16.99507473;-5.807538023;-5.711083707;-3.461495188;-3.653326835;-17.66894633;12.01955997;21.45206092;14.62020726;15.74487708;3.196730887;1.484542622;2.023649996;0.900955396;4.080263903;5.009866783;-6.332446407;-7.816950647;8.468016898;3.4;